1.29,2.595,1.885,1.785,0.0,1.348,0.491,0.0,0.0,0.354,0.0,1.717,0.496,1.446,0.0,0.0,0.357,0.0,0.887,0.0,0.0,0.0,0.0,0.0,0.0,0.0,0.0,0.0,0.644,0.122,0.0,0.148,0.0,0.865,0.104,0.0,0.0,0.893,0.786,0.537,0.0,0.0,0.0,0.0,0.0,0.906,0.669,1.829,0.397,0.0,0.761,0.0,0.0,0.0,0.276,0.0,0.0,0.911,0.0,0.937,0.129,0.0,0.0,0.0,0.26,0.0,0.0,1.309,0.819,0.0,0.0,0.0,0.0,0.777,0.0,0.0,0.322,0.0,0.34,0.835,0.0,0.0,0.173,0.0,0.072,0.071,0.0,0.817,0.0,0.0,0.0,0.0,0.0,0.0,1.602,1.126,0.732,0.9,1.099,1.0,1.45,0.0,0.0
0.917,0.432,0.0,0.0,0.0,0.0,0.0,0.0,0.0,0.984,0.01,0.407,0.94,0.389,0.0,0.0,0.0,0.0,0.0,0.0,0.0,0.993,0.711,0.0,0.0,0.0,0.0,1.947,0.0,1.61,0.226,1.302,1.239,0.639,0.141,0.0,0.357,0.523,0.984,0.246,0.611,0.0,0.0,0.0,0.0,0.195,0.0,0.605,0.925,0.902,0.0,0.0,0.0,0.0,0.0,0.0,0.374,2.319,0.0,1.898,0.0,0.0,0.0,0.0,0.977,1.203,0.0,0.191,0.0,0.0,0.0,0.0,0.282,0.0,0.0,0.0,0.783,0.45,0.0,0.0,0.0,0.0,0.0,0.853,0.411,0.0,0.0,0.0,0.339,0.0,0.0,0.0,0.0,0.919,2.454,0.0,2.287,0.0,1.231,0.529,0.0,0.0,0.0
0.98,0.638,0.0,0.0,0.708,0.902,0.966,0.74,0.945,0.441,0.0,0.989,2.784,0.0,0.0,0.0,0.0,0.0,0.0,0.0,0.0,0.0,0.0,0.0,0.0,0.58,0.526,0.755,1.31,0.0,0.0,0.0,0.073,0.0,0.0,1.285,0.601,0.0,0.0,0.0,0.0,0.0,0.334,0.0,0.0,0.0,0.837,0.336,0.957,0.575,0.0,0.0,0.0,0.769,0.284,0.0,0.0,0.228,0.0,0.923,0.648,0.0,0.0,0.0,0.0,0.0,0.0,0.0,0.512,4.222,0.143,0.0,0.705,0.0,0.0,0.22,0.823,1.012,1.205,0.337,0.0,0.155,0.0,0.0,0.0,0.0,0.856,0.0,0.0,0.0,0.707,0.707,0.0,0.685,0.442,1.141,0.494,1.992,0.929,2.032,0.0,0.0,0.0
0.71,0.0,1.27,0.329,0.35,0.0,0.0,0.0,0.0,0.898,0.054,1.374,0.0,0.0,0.362,0.0,0.463,0.249,0.0,0.798,0.456,0.0,0.0,0.864,0.363,0.895,0.336,0.81,0.052,0.31,1.163,1.114,0.574,0.0,1.912,0.215,2.395,0.0,0.397,0.0,0.0,0.0,0.0,0.0,0.0,0.9,0.542,0.986,1.346,0.0,0.0,0.0,0.352,0.864,0.0,0.0,0.0,0.948,1.054,0.996,0.355,1.16,0.0,0.0,0.0,0.0,0.996,0.807,0.502,1.962,0.0,1.69,0.0,0.0,0.0,0.0,0.0,0.0,0.59,0.0,0.0,0.0,0.0,0.516,0.544,0.0,0.0,0.0,0.163,0.16,0.0,0.0,0.981,0.777,0.0,0.0,0.295,1.853,1.941,0.716,0.0,0.0,0.0
0.0,0.0,0.0,0.0,0.0,0.207,0.72,0.0,1.379,1.243,0.0,0.716,1.267,0.221,0.896,0.573,0.0,0.0,0.877,0.087,1.873,0.256,0.0,0.0,0.0,0.0,0.803,2.026,0.828,0.532,0.716,0.968,0.167,0.0,0.0,0.281,0.908,0.573,0.0,0.535,0.0,0.0,0.0,0.0,0.0,0.0,0.0,0.0,0.0,0.0,0.991,0.567,0.832,0.0,0.0,0.0,0.167,1.542,0.007,0.382,0.0,0.892,0.087,0.0,0.0,0.0,1.744,0.33,0.0,0.0,0.0,0.0,0.0,0.0,0.0,0.0,0.0,0.0,0.788,0.284,0.0,0.336,0.0,0.842,0.881,0.738,0.0,0.0,0.0,0.888,0.472,0.0,0.303,0.0,0.0,1.09,0.973,0.348,0.0,0.0,0.0,0.0,0.0
0.0,0.0,0.0,0.258,0.0,0.909,0.706,0.0,0.0,0.0,0.0,0.0,0.0,0.0,0.823,0.023,0.987,0.581,1.094,0.0,0.457,0.0,0.0,0.0,0.0,0.821,0.434,0.0,0.0,2.437,2.139,0.356,0.983,1.8,1.0,0.745,2.461,0.0,0.433,0.974,0.064,0.0,0.0,0.0,0.336,0.766,0.0,0.0,0.0,0.0,0.0,0.377,0.0,0.0,0.0,0.81,0.0,0.991,0.608,0.0,0.0,0.0,1.56,1.501,0.283,1.57,0.112,0.285,0.0,1.633,1.407,0.0,0.0,0.785,0.792,1.062,1.578,0.0,0.0,0.0,0.332,0.996,2.123,0.44,0.155,0.0,0.984,1.152,0.072,0.0,0.0,0.855,0.0,0.463,0.958,1.458,0.515,0.0,0.656,0.0,0.0,0.0,0.0
0.0,0.0,0.0,1.245,1.389,0.611,0.839,0.987,0.324,0.732,0.759,0.0,0.928,0.303,0.0,1.629,0.283,0.438,0.0,1.225,1.67,1.046,0.0,1.059,0.135,0.0,0.922,1.434,0.481,1.254,0.0,0.0,0.0,0.0,1.247,0.143,0.292,0.0,0.0,1.267,0.0,0.0,0.931,0.185,0.713,0.0,0.501,0.0,0.0,0.659,1.134,0.279,0.0,0.0,1.936,0.0,1.549,0.0,0.544,0.841,0.925,0.237,0.0,0.0,0.979,0.0,0.0,0.0,0.0,0.725,0.0,0.373,0.0,0.0,1.827,0.0,1.867,0.596,0.484,0.0,0.0,1.185,0.0,0.0,0.349,0.263,0.85,0.0,1.896,0.505,1.0,0.777,0.331,0.0,0.0,0.0,0.0,0.0,0.266,0.766,0.072,0.0,0.0
0.782,0.015,0.0,0.435,0.0,0.985,1.063,0.0,0.0,0.0,0.0,0.875,0.0,0.727,1.347,0.137,0.391,0.0,0.714,0.097,0.0,0.0,0.0,0.0,0.646,0.359,0.147,0.0,0.0,0.664,0.481,0.466,0.0,2.375,0.96,2.345,0.925,0.0,0.0,0.0,0.928,0.1,0.273,0.551,0.914,2.314,1.0,0.0,4.174,0.554,0.0,0.0,0.0,0.0,0.0,0.0,0.97,0.101,0.0,0.542,0.931,0.981,0.324,0.0,0.0,0.0,0.0,1.769,1.042,0.0,0.0,0.908,0.54,0.0,0.0,0.0,0.0,0.0,0.275,0.0,0.0,0.0,0.898,0.069,0.892,0.713,0.113,0.743,0.745,0.0,0.0,0.0,0.0,0.31,0.0,0.0,0.033,0.927,0.02,0.0,0.0,0.0,0.0
0.998,0.301,1.563,0.96,0.258,0.0,0.0,0.0,0.0,0.524,0.985,0.271,0.0,0.0,0.0,0.199,0.997,0.542,0.0,1.722,0.65,1.247,0.684,0.0,0.0,0.0,0.0,0.997,0.691,0.0,0.0,0.0,0.736,1.815,0.635,0.0,0.208,0.0,0.375,0.442,0.0,0.0,0.0,0.0,0.0,1.067,0.0,0.478,0.0,0.0,1.43,0.2,1.626,0.0,0.0,0.954,1.755,0.766,0.0,0.0,0.0,0.486,0.0,0.941,0.003,0.0,0.0,0.0,0.0,0.837,0.0,0.0,0.337,0.938,0.182,0.0,0.0,0.0,1.099,0.023,0.0,0.0,0.0,0.0,1.989,0.0,1.659,0.76,0.0,1.811,0.0,1.631,0.0,0.0,0.977,0.387,0.0,3.389,1.516,1.595,0.0,0.0,0.0
0.0,0.313,0.0,0.565,0.0,0.0,0.0,0.836,0.109,0.0,0.0,0.0,0.436,1.537,0.993,1.869,0.0,0.0,0.0,0.0,0.0,0.0,0.0,1.8,0.378,0.503,0.0,0.0,0.0,0.0,0.0,0.0,0.0,0.0,1.489,0.339,1.82,0.829,3.942,1.252,0.089,1.923,0.719,0.0,0.0,0.0,0.062,0.473,0.0,0.0,0.0,1.765,0.043,0.0,0.0,0.0,0.964,0.298,0.0,0.778,0.669,0.0,0.0,0.0,1.383,0.0,0.0,0.202,0.0,0.0,0.0,0.0,0.882,0.0,0.99,0.715,1.792,0.0,2.533,0.0,0.17,0.0,0.262,0.0,0.155,0.0,0.212,0.994,0.103,0.0,0.0,0.0,0.401,0.262,0.0,0.0,0.0,0.0,0.0,0.0,0.0,0.0,0.0
0.519,0.396,0.031,0.0,0.852,0.0,0.0,0.683,0.106,0.0,0.0,0.0,0.985,0.326,0.879,2.388,0.0,1.883,0.607,1.133,0.897,2.068,0.863,0.0,0.0,0.0,0.901,0.363,0.0,0.834,0.0,0.0,0.0,0.0,0.709,0.395,0.378,0.435,0.305,0.0,0.0,0.0,0.0,0.039,0.0,1.578,0.0,0.0,0.0,0.3,0.0,0.0,0.0,0.594,0.892,0.82,0.0,1.038,0.338,0.0,0.969,0.6,0.874,0.442,0.0,0.0,0.065,0.0,0.0,0.0,0.65,0.0,0.0,0.0,0.0,0.0,0.964,0.933,0.0,0.0,0.0,0.0,0.0,0.0,0.0,0.894,0.104,0.0,0.0,0.0,0.036,0.661,0.0,1.103,0.173,0.289,0.0,0.428,0.826,0.0,0.0,0.0,0.0
0.0,0.618,1.947,0.738,0.872,0.21,0.156,0.239,0.0,0.0,0.0,0.0,0.0,1.461,0.352,0.671,0.232,0.0,0.419,0.0,0.0,0.0,0.0,0.992,0.086,0.0,0.351,0.0,0.0,0.0,0.265,0.423,0.0,0.0,0.583,0.0,0.0,0.0,0.0,0.847,0.905,0.337,0.985,1.509,0.111,0.767,1.296,0.242,0.412,0.323,0.0,0.0,0.0,0.0,0.0,0.0,0.0,0.0,0.971,0.0,0.0,0.486,0.407,0.0,0.0,0.0,1.237,0.915,0.38,0.0,0.69,0.0,0.0,0.0,0.0,0.0,0.0,0.0,0.997,0.331,0.0,0.0,1.448,1.166,0.98,0.017,0.0,0.875,1.013,0.0,0.293,0.872,0.0,0.338,0.265,0.0,0.0,0.0,0.263,0.0,0.0,0.0,0.0
0.276,2.285,0.0,3.087,0.412,0.0,0.0,0.0,0.0,0.0,0.0,0.0,0.442,0.82,1.619,0.0,0.0,0.531,0.84,1.885,0.0,3.321,0.792,0.0,0.0,1.514,0.587,0.231,0.962,0.0,0.793,0.831,0.519,2.444,3.008,1.001,0.0,2.619,0.7,0.225,0.0,0.0,0.898,1.238,0.686,0.0,0.0,0.0,0.0,0.912,0.0,0.949,0.791,0.0,1.068,0.0,0.612,0.0,0.0,0.0,0.0,0.0,0.0,0.086,0.0,0.0,0.0,0.0,0.294,0.0,0.0,0.0,0.0,0.0,0.0,0.0,0.0,0.0,0.0,0.0,0.0,0.744,0.0,0.854,0.0,1.593,0.378,0.0,0.494,0.0,0.0,0.788,0.636,0.289,0.0,0.0,0.0,0.402,0.685,0.884,0.0,0.0,0.0
0.0,0.0,0.0,1.958,0.0,1.855,0.817,0.655,0.0,0.285,0.0,1.483,0.0,1.864,0.931,0.124,0.688,0.0,0.0,0.0,0.745,0.042,0.0,0.0,1.877,0.931,0.0,0.768,0.0,0.0,0.521,0.0,0.0,0.0,0.0,0.0,0.0,0.987,0.72,0.293,0.0,0.637,0.458,0.086,0.681,0.0,0.0,0.0,0.0,0.0,0.0,0.0,0.0,0.935,0.899,0.0,0.0,0.0,0.0,0.751,0.282,0.0,0.0,1.392,0.359,0.0,0.0,0.271,0.0,0.0,0.0,0.0,0.0,1.046,0.191,0.0,0.299,0.209,0.0,0.0,0.559,0.0,0.0,0.0,0.657,1.212,1.329,1.006,0.541,0.0,0.0,0.0,0.819,1.807,1.487,0.806,0.0,0.0,0.0,0.0,0.0,0.0,0.0
0.0,0.0,0.24,0.0,0.0,0.0,0.0,0.0,0.0,0.0,0.764,0.527,0.239,1.098,0.971,0.653,0.0,1.22,0.242,0.574,0.5,0.0,0.0,0.268,0.0,0.0,0.538,0.425,0.0,0.0,0.928,1.217,0.158,0.208,0.0,0.0,0.414,0.0,0.958,0.435,0.0,0.063,0.969,0.512,0.0,0.496,0.0,0.862,1.987,1.375,0.691,2.565,0.609,2.361,0.991,1.311,0.0,0.0,0.846,1.195,0.276,0.0,0.0,0.0,0.0,0.669,0.0,0.0,0.0,0.0,1.907,0.0,2.682,0.025,0.0,0.0,0.0,0.266,0.0,0.0,0.925,0.905,0.0,3.353,1.261,1.87,0.0,0.56,0.0,0.196,0.0,0.0,1.426,0.13,0.45,0.327,0.0,0.331,0.91,0.552,0.0,0.0,0.0
1.843,0.161,0.0,0.996,0.807,0.467,0.0,0.0,1.869,0.294,0.768,0.732,0.237,0.0,0.0,0.899,0.0,0.533,0.41,0.0,0.0,0.0,0.0,0.182,0.513,0.0,0.0,0.965,1.485,0.588,0.806,0.06,0.0,0.0,0.0,0.0,0.0,0.161,1.335,0.0,0.29,1.979,1.839,2.988,2.728,0.064,0.0,0.0,0.0,0.0,0.0,0.0,0.0,0.353,0.591,0.0,0.0,0.953,0.089,0.0,0.0,0.0,0.849,0.0,0.0,0.0,0.948,0.088,0.222,0.799,0.311,0.0,0.554,0.0,0.956,0.0,0.0,0.0,0.0,0.902,0.704,0.0,0.0,0.646,0.211,0.164,0.0,0.0,1.682,0.498,0.294,1.166,0.089,0.844,1.174,1.0,1.82,0.0,0.0,0.0,0.0,0.0,0.0
0.979,0.847,0.901,0.313,0.0,0.0,1.355,0.848,0.0,0.0,0.0,0.0,0.0,1.878,2.045,2.099,2.146,0.0,0.206,0.774,0.255,0.0,0.697,0.0,0.0,0.733,0.0,0.777,0.742,0.895,0.631,0.0,0.0,0.21,0.728,0.668,0.853,0.0,0.0,0.0,0.0,0.122,0.0,0.0,0.0,0.165,0.147,0.0,0.166,0.0,0.54,0.0,1.02,0.0,0.684,0.0,0.0,0.508,0.0,0.0,0.0,0.0,0.889,0.213,0.891,0.491,0.953,2.755,1.246,0.551,0.43,0.0,0.292,0.0,0.0,0.0,0.0,0.635,0.0,0.756,0.111,0.0,0.0,0.776,1.071,0.0,0.0,0.0,0.0,0.0,0.923,0.685,0.0,0.0,0.0,0.0,0.0,0.86,0.0,0.0,0.0,0.0,0.0
0.0,0.0,0.0,0.901,0.532,0.0,0.0,1.975,0.0,1.8,0.254,0.0,0.0,0.0,0.0,1.565,2.549,0.9,2.517,0.927,0.803,0.0,0.0,0.967,2.688,1.572,3.084,1.208,0.088,0.839,0.357,0.0,0.0,1.422,0.007,0.259,0.0,0.0,0.412,0.954,1.693,1.039,0.93,1.05,1.304,0.815,0.066,0.376,0.0,0.533,0.0,0.0,0.0,0.0,0.0,0.183,0.0,0.0,0.0,0.0,0.0,0.0,1.977,0.395,1.975,0.0,0.0,0.0,1.45,1.517,0.465,2.932,0.177,0.0,0.361,0.907,0.637,0.776,0.357,0.0,0.559,0.0,0.0,0.0,0.0,0.0,0.293,0.0,0.0,0.943,0.164,0.0,0.181,0.0,0.182,1.674,0.0,2.978,0.0,0.0,0.0,0.0,0.0
0.0,0.0,2.582,0.0,1.883,0.089,0.0,0.0,0.0,0.161,0.0,0.074,0.0,0.0,0.999,0.437,0.93,0.249,0.0,0.063,0.243,0.0,0.225,0.0,0.894,0.393,0.912,0.515,0.0,0.0,0.661,0.0,0.0,0.0,0.0,0.0,0.0,0.0,0.853,0.052,0.0,0.0,0.649,0.0,0.0,0.0,0.0,0.84,0.112,0.692,0.245,0.791,1.075,0.651,1.165,0.0,0.0,0.806,0.27,0.702,0.0,0.0,0.0,1.923,0.0,3.115,1.184,0.79,0.989,0.185,0.0,0.558,1.561,0.327,0.0,0.0,0.0,0.0,0.0,0.0,0.0,0.0,0.0,0.0,0.0,0.0,0.0,0.0,0.0,0.0,1.209,0.498,0.0,0.0,1.088,0.804,0.384,0.228,0.0,0.637,0.0,0.0,0.0
0.312,0.551,0.0,0.0,1.242,0.459,0.0,0.752,0.691,0.638,0.0,0.0,0.0,0.522,0.091,0.0,0.0,0.776,0.085,0.0,0.0,0.776,0.084,0.0,0.0,0.0,0.41,0.0,3.56,1.019,2.101,1.382,0.575,0.0,0.0,0.0,0.805,1.015,0.52,0.0,0.0,0.215,0.0,0.0,0.0,0.0,0.0,0.0,0.0,0.675,0.0,0.0,0.0,0.0,0.51,0.471,0.0,0.0,0.0,0.917,0.028,0.806,0.0,0.0,0.0,0.571,0.0,0.0,0.518,0.0,0.645,0.0,0.0,0.351,0.0,1.063,0.96,0.0,0.0,0.592,0.949,1.358,0.848,0.585,0.0,0.753,0.0,0.252,0.726,0.319,0.0,0.854,0.694,0.796,0.579,0.0,0.633,0.0,0.0,0.782,0.0,0.0,0.0
0.184,0.371,0.0,0.7,0.0,0.0,0.0,0.0,0.0,0.822,0.204,0.49,1.973,0.302,0.0,0.0,0.0,0.0,2.653,0.0,2.517,1.277,0.35,0.506,0.0,0.0,1.264,0.0,0.078,0.33,0.318,0.711,0.0,0.314,0.0,0.0,0.0,0.0,0.0,0.669,0.37,0.0,0.0,0.102,0.0,0.0,0.0,0.43,0.0,0.0,0.0,0.0,0.268,0.0,0.0,0.876,1.176,0.77,0.0,0.969,0.573,0.857,0.314,0.97,0.627,0.0,0.0,0.55,0.0,0.0,0.0,0.0,0.797,1.178,0.0,0.364,0.634,0.0,0.0,0.0,0.0,0.0,0.619,0.666,0.0,0.0,0.0,0.0,0.0,0.0,0.0,0.0,0.0,0.0,0.0,0.0,0.0,0.863,0.0,0.0,0.0,0.0,0.0
0.819,0.0,0.787,2.471,0.0,2.765,0.705,0.213,0.0,0.0,0.88,0.138,0.0,0.0,0.0,0.546,0.0,0.137,0.0,0.75,0.0,0.0,0.0,0.0,0.0,0.681,0.0,0.0,0.0,0.0,0.0,0.0,0.0,0.0,0.0,1.323,0.056,0.0,0.0,1.207,0.0,0.0,0.0,0.0,1.629,1.823,0.118,0.0,0.0,0.0,0.0,0.722,1.481,0.865,0.0,0.0,0.257,0.0,0.0,0.943,0.0,0.0,0.0,0.371,0.0,0.0,0.648,0.897,1.748,0.272,1.955,2.857,2.283,2.074,0.988,0.53,0.0,0.0,0.532,0.0,0.0,0.0,0.0,0.0,0.0,0.0,0.0,0.565,0.124,0.0,0.0,0.0,0.669,0.0,0.976,0.193,0.0,0.0,0.948,0.127,0.0,0.0,0.0
0.0,0.0,0.042,0.0,0.791,0.167,0.03,0.0,0.0,0.0,0.0,0.0,0.0,0.0,0.085,0.972,0.557,0.0,0.683,0.971,0.0,0.03,0.0,0.976,0.267,1.934,0.0,2.596,0.138,0.477,0.761,0.609,0.0,0.174,0.0,0.0,0.797,0.0,0.0,0.0,2.665,2.004,1.458,0.0,0.0,0.0,0.0,0.0,0.532,0.0,0.0,0.0,1.253,0.358,0.0,0.0,0.874,0.045,0.839,0.0,0.0,0.0,0.0,0.0,0.965,0.159,0.0,0.0,0.0,0.0,0.0,0.474,0.763,1.547,1.124,1.368,0.0,0.0,0.0,0.0,0.0,0.0,0.0,0.0,0.519,0.921,0.067,0.0,0.867,0.533,0.0,0.0,0.0,0.568,0.722,1.768,0.654,0.0,0.0,1.272,0.024,0.0,0.0
0.0,0.0,0.0,0.0,0.773,0.029,0.67,0.0,0.0,0.0,0.0,0.405,0.0,0.0,0.0,0.0,0.0,0.795,0.299,0.0,0.0,0.925,0.657,0.0,0.523,1.57,0.062,0.0,0.0,0.825,1.2,0.0,0.0,0.801,0.243,0.0,1.261,0.309,0.0,0.0,0.741,0.0,0.0,0.0,0.0,0.0,0.0,0.0,0.0,1.678,0.536,0.85,3.384,0.556,2.348,0.261,0.795,2.851,1.442,1.752,0.218,0.099,0.568,1.834,0.0,4.169,0.0,1.597,2.023,0.0,2.237,0.0,0.303,0.351,0.0,0.0,1.489,0.652,0.0,0.285,0.104,0.0,0.0,0.0,0.806,0.086,0.555,0.0,1.685,0.021,0.0,0.159,0.0,0.0,0.0,0.0,0.0,0.0,0.0,0.963,0.106,0.0,0.0
0.0,0.0,0.0,0.0,0.0,0.842,0.79,0.556,0.0,0.0,0.0,0.0,0.0,1.998,0.682,0.0,0.0,0.0,1.503,2.021,2.345,0.339,0.0,0.0,0.396,0.0,0.0,0.575,0.845,0.882,0.079,0.938,1.141,0.0,0.398,0.0,1.382,1.057,0.0,0.0,0.0,0.0,1.286,0.0,0.0,0.0,0.0,0.0,0.0,0.0,0.0,0.0,0.923,1.322,0.846,1.523,0.0,1.259,0.0,0.935,0.938,2.374,0.0,2.455,0.466,0.412,0.453,0.0,0.0,0.763,1.117,1.838,0.553,0.904,0.611,0.127,0.53,0.308,0.0,1.491,0.0,0.0,0.0,0.46,0.0,1.111,0.32,0.685,0.0,0.0,0.838,0.0,0.0,2.575,1.987,0.207,3.235,1.388,0.228,0.0,0.0,0.0,0.0
0.0,0.241,0.0,0.947,0.984,0.837,0.0,0.0,1.674,0.726,0.0,0.0,0.0,0.734,0.0,0.0,0.0,0.0,0.0,0.269,0.847,1.101,0.861,0.444,0.0,0.613,0.0,0.0,0.413,0.083,0.0,0.972,0.348,0.0,0.643,0.053,0.0,0.0,0.0,0.0,0.268,0.134,0.882,0.134,0.0,0.0,0.211,0.0,0.873,0.906,0.656,1.14,0.715,0.0,0.0,0.0,0.338,0.0,0.244,0.0,0.0,0.0,0.0,0.573,0.0,0.493,0.0,0.0,0.0,0.0,0.0,0.0,0.0,0.917,0.015,0.0,0.0,0.309,0.101,0.849,0.869,0.597,0.104,0.0,0.459,0.0,0.0,0.0,0.0,0.204,0.0,0.0,0.0,1.731,0.495,0.597,0.0,0.998,0.421,0.838,0.652,0.0,0.0
0.8,0.902,0.441,0.0,0.0,0.0,1.378,0.034,0.0,0.0,0.0,1.887,1.307,0.842,3.82,0.0,0.0,0.993,0.533,1.799,0.466,0.988,2.022,1.146,0.0,0.0,0.0,0.0,0.325,0.338,0.0,0.503,0.688,0.64,0.072,0.0,0.0,0.555,0.886,0.0,0.979,0.593,1.296,0.437,0.0,0.0,0.0,0.0,0.0,0.0,1.514,0.861,0.0,0.0,0.0,0.0,0.0,0.0,0.358,0.0,0.0,0.0,0.0,0.0,0.626,1.021,0.0,0.0,0.791,1.22,0.0,0.0,0.0,0.0,0.0,0.81,0.212,1.797,0.666,0.0,0.786,0.346,0.564,0.941,0.0,0.0,0.0,1.539,0.0,3.803,0.531,0.0,0.914,0.0,0.0,0.0,0.5,0.823,1.0,1.841,0.0,0.0,0.0
0.959,0.649,0.478,0.0,0.0,0.0,2.978,0.914,2.941,0.0,0.0,0.0,0.0,0.0,1.72,0.359,1.52,0.808,0.721,0.104,0.556,0.0,0.794,0.887,0.462,0.0,0.0,0.0,0.0,0.0,0.0,0.0,0.0,0.0,1.727,0.0,1.15,0.406,0.0,0.192,0.0,0.0,0.0,0.0,0.904,0.5,0.0,1.961,0.0,2.788,0.0,0.578,0.557,0.382,0.0,0.0,0.0,0.0,0.0,0.0,0.0,0.155,0.978,0.902,0.0,0.0,0.615,1.287,0.417,0.0,0.0,0.0,0.0,0.0,0.0,0.0,1.951,0.23,1.977,0.797,0.0,0.0,0.0,0.0,0.831,0.0,0.0,2.444,0.734,1.991,0.0,0.588,1.794,0.0,1.895,0.0,0.671,0.0,0.0,0.921,0.0,0.0,0.0
1.505,0.274,0.0,0.985,2.189,0.0,1.61,0.0,0.0,0.0,1.808,0.249,0.973,0.125,0.0,0.0,0.0,0.912,0.092,1.874,0.724,0.937,0.0,0.0,0.0,0.493,0.716,1.047,0.0,1.854,0.307,1.91,0.888,0.484,0.0,0.0,0.0,1.906,1.267,0.279,0.0,1.846,0.953,0.973,0.092,0.817,1.854,0.146,0.0,0.778,0.0,0.499,0.0,0.0,0.0,0.0,0.202,0.0,0.0,0.0,0.056,0.526,0.0,0.493,0.0,0.0,0.43,0.0,0.839,0.05,0.71,0.153,0.0,0.685,0.629,1.833,1.266,0.0,0.0,0.772,0.389,0.0,0.0,0.0,0.0,0.0,0.834,0.422,0.0,0.978,0.194,0.0,0.0,0.0,0.0,0.477,0.197,0.844,1.225,0.0,0.0,0.0,0.0
0.0,0.33,0.0,0.0,0.0,0.0,0.0,0.723,0.0,2.176,1.079,3.062,0.0,0.404,0.0,0.0,0.712,0.0,0.0,0.092,0.0,0.0,0.841,0.48,0.147,1.262,1.996,0.841,1.655,0.0,1.936,0.0,3.395,0.389,0.0,0.0,0.0,0.0,0.465,0.0,0.821,1.65,0.214,0.443,0.0,0.938,0.0,0.311,0.0,0.536,0.0,0.56,0.159,0.0,0.315,0.897,0.64,0.772,0.0,0.838,0.821,0.0,0.0,0.0,0.0,0.0,0.0,0.0,0.226,0.37,0.0,0.0,0.0,0.0,0.0,0.539,0.0,0.0,0.172,0.0,0.0,0.0,0.0,0.0,0.994,1.182,0.0,0.0,0.0,0.794,0.2,0.975,0.0,0.0,0.98,0.324,0.757,0.354,0.0,0.63,0.0,0.0,0.0
0.561,0.0,0.0,0.212,0.0,1.875,0.421,0.0,0.0,1.943,0.944,2.242,0.0,0.954,0.0,0.0,2.86,1.061,1.757,0.0,0.692,0.0,1.015,0.018,0.0,0.514,0.466,0.962,0.263,1.317,1.253,0.052,0.0,0.0,0.0,0.523,0.0,0.952,1.47,0.0,0.605,0.0,0.0,0.0,0.903,0.113,0.615,0.674,0.0,0.978,0.977,0.583,0.0,0.0,0.0,0.979,0.993,0.84,0.808,0.0,0.379,0.206,0.0,0.0,0.405,0.0,0.0,0.0,0.699,0.942,0.328,0.0,0.0,0.0,0.0,0.0,0.96,0.95,0.353,0.0,0.0,2.138,0.0,0.0,0.701,0.0,0.0,0.0,0.348,0.0,0.0,0.966,0.198,0.0,0.453,0.0,0.0,0.0,0.0,0.0,0.0,0.0,0.0
0.0,0.0,0.0,0.0,0.0,0.0,0.0,0.0,0.0,0.313,0.0,0.843,0.7,0.0,0.874,0.943,1.4,0.456,0.0,0.0,0.6,0.0,0.0,0.0,0.985,1.75,0.832,0.421,0.0,0.0,0.0,0.0,0.0,0.0,1.239,0.585,0.0,0.528,0.97,0.063,0.625,0.0,0.0,0.0,0.0,0.0,0.79,0.743,0.0,0.827,0.75,1.858,0.697,0.0,0.869,0.445,0.0,0.0,0.0,0.0,0.0,0.0,0.0,2.614,0.661,0.0,0.0,0.0,0.0,0.987,0.848,1.55,1.457,0.0,0.972,0.065,0.0,0.0,1.525,0.0,0.0,0.72,0.0,0.0,0.716,0.933,0.579,0.933,3.409,0.726,1.863,0.0,0.0,1.99,0.731,0.0,0.0,1.561,0.357,0.0,0.0,0.0,0.0
0.452,0.422,0.217,0.0,0.0,0.0,0.0,0.0,2.404,0.582,0.181,0.145,0.412,1.435,1.378,0.0,0.0,0.769,1.607,0.356,0.0,0.0,0.0,0.0,0.0,0.0,1.972,1.965,0.706,4.244,0.0,0.0,0.0,0.0,0.768,0.119,0.339,0.117,3.441,0.573,0.515,0.0,0.0,0.0,0.575,0.0,0.0,0.451,0.0,0.661,0.0,0.0,0.0,0.0,0.993,0.709,0.0,0.0,0.0,0.0,0.0,0.0,0.209,0.0,0.512,0.0,0.0,0.0,0.656,0.0,0.0,0.0,0.979,0.684,0.698,0.892,0.026,0.0,0.0,0.0,0.0,0.498,1.398,0.687,0.0,0.183,0.08,1.343,0.0,0.0,0.0,0.0,0.959,1.48,0.457,0.514,0.0,0.0,0.0,0.0,0.0,0.0,0.0
0.0,0.0,0.0,0.0,0.0,0.584,0.998,2.631,1.354,0.253,0.0,0.849,0.253,0.0,0.0,0.0,0.0,0.0,0.0,0.165,2.542,0.54,2.073,0.0,0.77,0.0,0.649,0.0,2.7,0.141,6.21,1.626,1.561,2.77,0.325,2.359,0.96,0.619,0.0,0.434,0.0,0.0,0.0,0.086,0.994,0.424,0.354,0.0,0.387,0.666,3.047,1.625,2.31,0.0,0.0,0.113,0.0,0.099,0.0,0.0,0.94,0.034,0.0,0.872,0.397,0.985,1.177,0.0,0.249,0.0,0.0,0.0,0.0,0.958,1.116,0.231,0.915,1.097,0.574,0.0,0.0,2.421,0.31,0.0,1.996,0.453,1.935,0.0,0.0,0.0,0.212,0.725,0.0,0.0,0.868,0.247,0.609,0.0,0.0,0.415,0.0,0.0,0.0
0.537,0.95,0.901,0.0,0.0,0.0,1.359,0.129,0.0,0.313,0.0,0.0,0.845,0.211,0.989,0.106,0.926,0.298,1.869,0.0,1.614,0.77,0.0,0.0,0.962,0.06,0.0,0.0,0.0,0.0,0.923,0.0,0.0,0.0,0.798,0.047,0.0,0.0,0.0,0.0,1.612,0.0,1.303,2.743,0.0,1.824,0.192,0.468,0.414,0.0,0.0,0.636,0.0,0.0,0.923,0.527,0.558,0.0,0.0,0.222,0.0,0.0,0.341,0.809,0.825,0.124,0.0,0.0,2.144,0.0,1.639,0.0,0.0,0.383,0.0,0.593,0.0,0.729,0.0,0.0,0.0,0.701,0.979,0.46,0.0,1.055,0.938,0.0,0.684,0.609,0.759,1.656,0.033,1.271,0.92,0.625,0.0,0.0,0.426,1.409,0.0,0.0,0.0
0.0,0.0,0.366,0.0,0.0,0.28,0.683,0.178,0.0,0.0,0.99,0.059,0.0,0.773,0.0,0.0,0.0,0.591,1.703,0.0,0.0,0.0,0.787,1.13,0.0,0.0,0.829,1.55,0.0,0.0,0.0,0.231,0.0,0.0,0.912,0.207,0.0,1.913,0.0,1.681,0.0,0.0,2.357,0.611,0.0,0.834,0.155,2.734,0.926,2.231,0.0,0.0,0.0,0.0,0.483,0.95,1.038,0.606,0.0,0.0,0.0,0.0,0.135,0.0,0.0,0.0,0.97,0.507,0.0,1.597,0.076,0.915,0.689,0.0,0.0,0.0,0.0,0.0,0.973,1.838,1.324,3.814,0.42,0.512,0.0,0.0,0.0,0.0,0.0,0.0,0.0,0.87,0.501,0.123,0.0,0.0,0.126,0.131,0.0,0.0,0.0,0.0,0.0
2.179,1.162,0.273,0.0,2.262,1.259,0.0,0.0,0.0,0.231,0.0,0.851,0.007,0.0,0.0,0.0,0.567,0.0,0.0,0.946,1.072,0.0,1.382,0.338,0.0,1.648,0.906,0.035,0.0,0.955,0.321,0.0,0.0,0.493,0.0,0.0,0.0,0.0,0.0,0.0,0.0,0.313,0.0,0.0,0.917,0.056,0.0,0.117,0.0,0.323,1.677,0.0,0.0,0.981,0.504,0.0,2.53,0.095,1.812,0.0,0.571,0.862,0.0,0.0,0.0,0.425,1.918,0.373,1.635,0.0,0.991,0.537,0.0,0.951,1.644,0.03,0.0,0.0,0.0,1.663,0.63,0.0,0.0,0.589,0.0,0.615,0.0,0.631,0.0,0.0,0.0,0.0,0.0,0.0,0.0,0.0,0.401,0.0,0.291,0.0,0.0,0.0,0.0
0.0,0.0,0.0,1.735,0.37,3.032,0.0,0.0,0.0,0.74,0.022,0.0,0.0,0.0,0.0,1.745,1.144,2.906,1.127,0.833,2.995,0.995,0.937,0.0,0.439,0.523,0.331,0.0,0.0,0.835,0.86,0.025,0.0,0.155,0.0,0.0,0.0,0.646,0.0,0.387,0.0,0.0,0.962,0.392,1.962,0.822,0.86,0.09,2.382,0.0,1.877,0.0,0.0,0.847,0.0,0.0,0.625,1.239,0.0,0.0,0.0,0.0,0.0,0.0,0.0,0.0,0.0,0.696,0.234,1.926,1.0,0.0,2.531,0.0,0.472,0.0,0.995,0.103,0.299,0.0,0.223,0.0,0.522,0.0,0.0,0.0,0.0,1.405,0.0,0.0,0.0,0.51,0.0,0.534,0.724,0.969,0.062,0.0,0.0,0.0,0.0,0.0,0.0
0.0,0.0,0.0,0.0,0.0,0.083,0.0,0.0,0.0,0.751,0.0,0.0,0.0,0.0,0.0,0.0,0.0,0.481,0.0,0.507,0.0,0.0,0.848,0.798,0.35,0.836,0.842,0.0,0.0,0.686,0.0,0.0,0.109,0.524,0.0,0.861,0.332,0.0,0.0,0.0,0.0,0.0,0.0,0.0,0.571,0.0,0.0,0.0,0.897,0.236,0.0,0.0,0.0,0.0,0.0,0.532,0.0,0.0,0.468,0.0,0.0,0.0,0.859,0.0,0.504,0.0,1.958,0.418,1.737,0.0,0.0,0.0,0.0,0.0,0.0,0.87,2.389,0.532,0.377,0.845,0.0,0.0,0.0,0.498,0.0,0.0,0.817,1.025,0.0,0.766,0.0,0.0,0.137,0.404,0.0,0.0,0.657,0.0,1.59,0.0,0.0,0.0,0.0
0.0,0.0,0.0,0.0,0.0,0.986,0.871,0.466,0.0,0.891,0.0,0.815,1.266,0.0,0.0,0.0,0.123,0.234,0.0,0.0,0.0,0.0,0.437,0.43,1.136,0.0,0.0,1.575,1.045,1.203,0.0,0.0,0.167,0.35,0.0,0.859,0.711,0.0,0.0,0.0,0.0,0.974,0.183,0.097,0.0,0.393,0.694,0.0,0.0,0.0,0.0,0.0,1.323,0.0,0.0,0.0,0.0,0.605,0.0,0.0,0.134,0.252,0.58,0.0,0.0,0.0,0.0,0.0,0.0,0.989,0.374,0.0,0.0,0.725,0.977,1.171,0.0,0.0,0.0,0.0,0.0,0.0,0.0,0.0,0.0,0.989,0.566,0.0,0.0,0.355,0.0,0.0,0.0,0.0,0.111,0.177,0.0,0.0,0.0,1.723,0.0,0.0,0.0
1.406,0.629,0.0,0.0,0.0,1.04,0.489,1.288,0.25,0.942,0.81,0.0,0.0,0.444,0.852,0.007,0.89,1.174,0.055,0.0,0.322,1.221,0.756,0.0,0.0,0.0,0.0,0.0,0.0,0.0,0.896,1.092,0.0,0.0,0.0,0.0,0.0,0.0,0.905,0.748,0.725,0.0,0.0,0.218,0.938,0.541,0.909,0.532,0.0,0.0,0.0,0.0,0.0,0.0,0.0,0.0,0.976,0.089,0.944,1.175,1.063,0.978,0.42,0.0,0.952,1.227,0.766,0.0,0.0,0.317,0.37,0.793,0.269,0.0,1.799,0.0,1.973,0.0,0.0,0.0,0.0,0.0,0.0,1.318,0.766,0.651,0.0,0.0,0.0,0.0,0.0,0.0,0.298,0.0,0.0,0.0,0.0,0.0,0.654,0.41,0.0,0.0,0.0
0.376,0.0,0.071,0.0,1.272,0.0,0.0,0.0,0.0,0.184,3.106,0.645,2.709,1.005,0.0,0.008,0.0,0.0,0.0,0.0,0.0,0.114,0.0,0.0,0.0,0.0,0.915,0.712,0.328,0.0,0.984,0.235,0.752,0.0,0.0,0.907,0.068,0.0,0.534,0.0,0.0,0.0,0.523,0.0,0.0,0.0,0.0,0.0,0.0,0.0,0.0,0.0,0.813,1.24,0.0,0.0,0.499,0.154,0.0,0.0,0.0,0.0,0.0,0.679,0.0,0.0,0.465,0.867,0.298,0.0,0.955,0.0,0.0,0.0,0.193,0.0,0.857,0.201,0.0,1.427,0.0,0.982,0.407,0.629,0.831,0.089,0.0,0.107,0.0,0.26,0.544,0.0,0.514,0.0,0.0,0.0,0.0,0.0,0.0,0.0,0.0,0.0,0.0
0.0,0.358,0.466,0.0,0.0,0.594,0.0,0.0,0.0,0.0,0.0,0.0,1.824,0.679,0.077,0.0,1.002,0.963,3.12,0.566,0.0,0.916,0.046,0.0,0.0,0.641,0.0,0.0,0.0,0.0,0.626,0.0,0.0,0.0,0.0,0.0,0.572,0.604,0.0,0.0,0.918,0.0,0.626,0.25,0.893,0.616,1.721,1.241,0.0,0.582,0.0,0.388,0.071,0.0,0.0,0.133,0.649,0.859,1.189,0.739,0.0,0.294,0.0,0.0,0.0,0.0,0.0,0.0,0.0,0.0,0.0,0.0,0.0,0.0,0.0,0.0,0.0,0.991,0.449,0.0,0.0,2.879,0.655,2.566,0.115,0.0,0.0,0.981,0.283,0.241,0.676,0.677,0.0,0.889,0.0,0.915,1.717,0.673,0.947,0.0,0.0,0.0,0.0
0.0,0.0,0.0,1.257,1.348,1.191,1.072,0.782,0.0,0.55,0.936,0.333,0.0,0.546,0.0,0.0,0.0,0.0,0.0,0.0,0.0,0.0,0.611,0.818,0.905,1.121,1.065,0.899,0.0,0.0,0.0,0.0,0.0,0.0,0.0,0.567,0.0,0.0,0.0,0.418,0.638,0.652,0.0,0.0,0.0,0.655,0.0,0.0,0.0,0.37,0.436,1.734,0.684,2.022,1.104,0.964,0.0,0.0,0.0,1.352,0.194,0.661,0.0,0.422,0.0,0.0,0.0,0.0,0.0,0.0,0.0,0.0,0.675,0.0,0.995,0.436,0.0,0.0,0.0,0.0,0.848,0.0,0.0,0.0,0.0,0.0,0.702,0.244,0.0,0.0,0.0,0.0,1.247,1.132,0.972,0.892,0.903,0.0,0.256,0.0,0.0,0.0,0.0
0.0,0.0,0.0,0.0,0.301,0.0,0.0,0.883,0.184,1.537,0.0,0.0,0.0,1.578,1.228,1.264,0.271,0.0,0.0,3.461,1.69,0.295,0.0,0.0,0.0,0.99,1.018,0.0,1.527,0.0,1.345,0.0,1.772,0.84,0.919,0.974,0.0,0.0,0.0,0.0,0.0,1.752,1.459,1.818,0.0,0.0,0.0,0.0,0.0,0.0,0.0,0.0,0.0,0.576,0.0,0.0,0.743,0.881,0.773,0.0,0.0,0.0,0.0,0.968,0.918,0.0,0.0,0.0,2.172,0.0,2.468,0.059,1.286,0.993,0.0,0.0,0.0,0.434,0.864,0.0,0.0,0.0,0.0,0.0,0.0,0.984,0.327,0.997,0.361,0.358,0.811,0.298,0.0,1.979,1.994,2.837,1.974,0.0,0.0,0.0,0.0,0.0,0.0
0.0,0.973,0.315,0.0,0.0,0.0,0.0,0.426,1.459,0.0,0.64,0.139,0.0,1.179,2.086,0.044,0.0,0.81,0.0,0.0,0.0,0.0,0.886,0.0,1.38,0.061,0.0,0.0,0.599,0.0,0.0,0.0,0.0,0.959,0.466,0.835,0.431,0.0,0.0,0.0,0.0,0.0,0.622,0.048,0.0,0.0,0.0,0.0,0.0,0.0,0.0,0.0,0.949,0.457,0.0,0.0,0.0,0.921,0.712,0.0,0.0,0.987,0.333,0.865,0.0,0.0,0.0,0.606,0.0,0.92,0.752,0.0,0.804,0.759,0.0,0.202,0.894,0.606,0.0,0.0,0.0,0.448,0.0,0.0,0.68,0.76,0.0,0.556,0.0,0.0,0.0,0.0,1.527,0.533,0.0,0.0,0.0,0.0,0.0,1.387,0.0,0.0,0.0
0.0,0.0,1.125,0.0,0.0,0.0,0.0,0.44,0.0,0.0,0.532,0.0,0.0,0.497,0.0,0.181,1.547,0.226,0.0,0.0,0.482,0.0,0.394,0.303,0.881,0.21,0.0,0.0,1.417,0.0,0.806,0.0,0.0,0.0,0.461,0.0,0.0,0.0,0.937,0.391,0.0,1.002,0.0,0.832,0.244,1.635,1.546,0.134,1.04,1.143,0.114,0.789,0.52,0.0,0.0,0.603,0.0,0.0,0.0,0.442,0.0,1.932,0.912,2.899,0.0,0.0,0.0,0.0,1.048,0.0,2.279,0.0,4.135,0.282,2.647,0.0,0.0,0.0,0.0,0.0,0.0,0.0,0.741,0.0,0.0,0.0,0.0,0.0,0.0,1.035,0.505,0.0,0.0,0.0,0.266,0.0,0.0,0.364,0.595,0.0,0.0,0.0,0.0
0.0,0.0,0.0,0.794,0.0,0.591,0.0,0.0,0.0,0.0,0.0,0.25,0.0,3.199,0.649,0.0,0.0,0.0,0.0,0.0,0.0,0.0,0.0,0.0,0.0,0.0,0.0,0.0,0.473,0.0,0.0,0.519,0.0,0.0,0.0,0.989,1.042,0.0,2.009,0.0,2.376,0.636,0.92,0.0,0.0,0.0,0.281,0.0,0.0,0.487,0.0,0.0,0.0,0.514,0.0,0.231,0.0,0.0,0.0,0.642,0.975,0.195,0.0,1.068,0.0,0.0,0.0,0.0,0.0,0.0,0.0,0.0,0.0,0.0,1.392,0.281,0.0,0.0,0.0,0.0,0.0,0.0,0.929,0.822,2.35,0.0,0.62,0.0,0.0,0.489,0.666,1.817,0.0,2.016,0.0,0.0,1.831,1.315,0.0,0.406,0.0,0.0,0.0
0.0,0.0,0.0,0.0,0.0,0.0,0.884,0.868,1.399,0.399,0.0,0.477,0.932,1.187,1.098,0.903,0.0,0.0,0.0,0.746,0.512,0.0,0.0,0.0,0.0,0.0,0.0,0.314,0.0,0.0,0.0,0.0,0.0,0.0,0.0,1.705,0.0,2.218,0.0,1.965,0.0,2.217,0.0,0.0,0.0,0.0,1.703,0.356,1.226,0.126,0.922,0.0,0.996,1.575,0.0,0.0,0.0,0.0,0.0,3.058,0.0,1.518,0.0,1.962,0.67,1.75,2.158,0.495,2.244,0.418,0.522,0.998,0.072,0.0,0.0,0.0,0.0,0.272,1.998,1.38,0.0,4.319,0.0,2.377,0.0,0.0,0.0,0.0,0.312,0.0,0.0,0.0,1.885,1.585,0.0,0.0,0.0,0.978,0.335,0.0,0.0,0.0,0.0
0.0,0.531,0.567,0.0,0.0,0.0,0.555,0.0,0.0,0.955,0.21,0.0,0.0,0.652,0.0,0.69,0.0,1.03,0.028,0.981,1.793,0.229,0.0,0.968,0.018,0.742,0.254,0.738,0.561,0.87,0.304,0.9,0.305,0.0,1.108,0.0,0.229,0.993,1.718,0.0,0.0,0.0,0.0,0.0,1.151,0.673,1.943,0.0,2.268,0.0,0.0,0.506,0.0,0.708,0.758,1.612,1.028,0.0,0.0,0.0,0.855,0.159,0.96,0.258,0.0,2.248,1.0,0.928,2.958,0.0,0.145,0.0,1.194,2.043,0.351,0.0,0.76,0.713,0.0,0.0,0.74,0.0,0.0,0.472,0.206,0.0,0.345,0.0,0.366,0.0,0.462,0.0,0.0,0.0,2.707,0.251,1.832,0.0,0.248,0.909,0.055,0.0,0.0
0.0,0.0,0.494,0.195,0.0,0.857,1.044,0.0,0.122,0.0,0.664,0.422,0.0,0.362,0.0,0.0,0.803,0.0,1.567,1.834,0.179,0.0,0.288,0.0,0.0,0.0,0.0,0.0,1.875,0.0,1.602,0.814,0.903,0.648,0.0,0.0,0.0,0.935,0.212,1.486,0.0,0.605,0.447,0.0,0.0,0.948,0.667,0.0,0.0,0.0,0.0,0.0,0.862,0.0,3.026,2.056,0.0,1.693,0.451,0.0,0.433,0.0,0.0,0.0,0.749,0.208,0.307,0.0,0.0,0.0,0.829,1.958,0.0,3.152,0.212,0.0,0.797,0.991,0.011,0.0,0.0,0.0,0.0,0.0,1.809,1.0,0.0,3.02,0.0,0.0,1.969,0.0,1.612,0.0,1.705,0.199,0.0,0.0,0.0,0.0,0.0,0.0,0.0
0.0,0.0,0.0,0.773,0.0,1.714,0.374,0.0,0.786,0.0,0.0,1.711,2.242,1.782,0.0,0.0,0.756,0.0,0.0,0.0,2.828,0.73,0.0,0.0,0.0,0.624,0.128,0.0,0.0,0.0,0.0,0.0,0.0,0.0,0.0,0.0,0.0,0.0,0.0,1.33,0.0,0.489,0.944,0.11,0.0,0.0,0.0,0.0,0.0,0.0,0.0,0.974,0.831,0.0,0.984,0.433,0.0,0.816,1.072,0.346,0.0,0.0,1.137,0.188,0.215,0.912,0.213,0.0,0.254,0.0,0.0,0.0,0.814,0.365,0.0,0.0,0.929,0.412,0.975,0.797,0.0,0.039,0.0,0.0,0.0,0.0,0.162,0.0,0.0,0.468,0.0,0.0,0.0,0.0,0.914,0.295,0.0,0.0,0.0,0.0,0.0,0.0,0.0
0.663,0.992,0.986,0.0,0.0,0.0,0.864,0.0,0.0,0.951,1.395,0.623,0.0,1.993,0.781,2.94,1.158,0.0,0.304,0.0,0.0,0.877,0.0,0.855,0.0,0.0,0.84,1.77,0.0,0.814,0.313,1.945,0.61,1.844,0.966,1.33,0.951,0.245,0.97,0.967,0.429,1.929,1.278,0.0,0.49,0.111,1.062,0.354,0.93,1.893,1.514,0.0,0.0,0.0,1.606,0.13,0.0,0.0,0.0,0.0,0.0,0.847,0.79,0.254,0.0,0.0,0.0,0.0,0.333,0.0,0.6,0.741,0.338,0.0,0.0,0.509,0.0,0.0,0.0,0.0,0.574,1.067,0.171,0.973,0.0,0.0,0.0,0.0,0.087,0.911,0.0,0.7,0.0,0.979,0.377,0.0,0.0,1.66,0.918,0.527,0.0,0.0,0.0
0.0,0.0,0.858,0.097,0.0,0.269,0.245,0.0,0.747,0.0,1.354,0.769,0.0,0.0,0.242,0.16,0.892,1.032,0.369,0.0,0.993,0.0,0.702,0.0,0.89,0.739,0.966,0.508,0.0,0.0,0.999,0.153,0.302,0.0,0.785,0.0,0.0,0.0,0.0,0.0,0.0,0.922,1.521,0.17,0.658,1.341,0.44,0.0,0.507,0.778,1.405,0.53,0.0,0.0,0.0,0.0,0.0,0.0,0.0,0.0,0.0,0.0,1.618,0.0,0.0,0.0,0.168,1.722,0.829,0.0,0.0,1.034,0.0,0.0,0.0,0.086,0.0,0.863,0.202,0.699,0.0,0.578,1.03,0.389,0.129,0.0,0.0,0.0,0.991,0.264,0.0,0.702,0.0,1.109,0.0,0.0,0.0,0.0,0.399,0.0,0.0,0.0,0.0
0.398,0.906,0.462,0.0,0.0,0.0,0.0,0.76,0.201,0.0,0.919,0.24,0.588,0.0,0.0,0.0,0.0,0.0,1.393,1.037,0.742,0.474,0.0,0.0,0.407,0.0,0.0,0.848,0.0,0.0,0.0,0.0,0.0,0.0,0.676,0.708,0.418,0.0,1.946,0.308,1.713,0.433,0.801,0.0,0.0,0.0,1.979,0.0,2.379,0.0,0.0,0.0,0.927,1.555,0.0,0.0,0.0,0.0,0.0,0.0,0.0,1.173,1.995,0.765,1.964,0.0,0.845,0.088,0.0,1.542,1.181,0.0,0.0,0.0,0.0,0.0,0.882,0.0,0.0,0.0,0.957,0.435,0.0,1.82,0.0,2.669,0.0,0.0,1.969,0.229,2.208,0.0,0.768,0.0,0.979,0.767,0.946,0.013,0.0,0.928,0.624,0.0,0.0
0.951,0.394,0.833,0.0,0.0,0.975,0.208,0.554,0.902,0.005,0.981,0.03,0.0,0.982,1.229,0.0,0.0,1.897,0.0,2.057,0.0,0.0,0.0,0.0,0.225,0.404,0.632,0.0,0.0,0.724,0.842,1.256,0.819,1.444,0.169,0.0,0.0,0.0,0.97,0.13,0.0,0.0,1.376,1.621,0.381,0.0,0.0,0.625,0.0,0.258,0.0,0.536,0.0,0.0,0.0,0.0,0.0,0.0,0.326,0.0,0.931,1.054,0.383,0.884,0.28,0.0,0.0,0.323,0.622,0.0,0.0,0.264,0.0,0.0,0.134,1.059,1.396,0.0,0.0,0.681,1.549,0.0,0.0,0.0,0.0,0.721,0.0,0.451,0.0,0.0,0.0,0.0,0.243,0.713,0.0,0.0,1.602,0.128,0.986,1.124,0.0,0.0,0.0
0.0,0.0,0.0,0.0,0.882,0.382,0.0,0.934,0.95,0.961,0.0,0.0,0.0,0.106,0.0,1.428,0.109,0.701,0.731,0.764,0.0,0.0,0.917,0.509,0.067,0.0,0.0,2.024,1.0,0.0,2.72,0.0,0.0,0.0,0.755,0.772,0.0,0.0,0.0,1.867,0.059,1.639,0.0,0.0,0.0,0.0,0.93,0.317,0.0,0.795,0.0,0.0,0.894,0.875,0.802,0.0,0.0,0.868,0.0,0.0,0.834,0.0,0.0,0.436,0.0,1.373,0.0,0.0,0.0,0.0,0.0,0.0,0.0,0.583,0.814,0.341,0.0,0.999,0.131,0.0,0.0,0.0,0.0,0.806,0.291,0.306,0.377,0.0,0.0,0.45,1.473,2.135,0.412,2.218,0.0,0.0,0.0,0.838,0.0,0.0,0.0,0.0,0.0
0.0,0.0,0.0,0.0,0.0,0.107,0.0,0.0,0.0,0.0,0.0,1.868,0.0,1.678,0.0,0.0,0.0,0.996,1.725,0.205,0.742,0.0,0.0,0.0,0.0,0.0,0.0,0.0,0.994,0.159,0.333,0.806,0.971,2.474,0.407,0.0,0.0,0.0,1.26,1.341,0.0,0.0,0.0,0.0,0.183,0.0,0.0,0.0,0.849,0.0,2.506,0.241,1.804,0.0,0.0,0.529,2.193,0.0,2.012,0.0,0.0,0.0,0.0,1.298,1.353,0.1,0.0,0.0,0.764,0.0,0.0,1.845,0.65,1.336,0.068,0.0,0.916,0.0,0.0,0.0,0.0,1.802,0.0,0.0,0.822,0.369,0.0,0.0,0.0,0.0,0.0,0.0,0.0,0.0,0.0,0.084,0.0,0.0,0.31,0.0,0.0,0.0,0.0
0.0,0.0,0.0,0.56,1.36,0.54,0.0,0.0,0.0,0.314,0.0,0.0,0.0,0.0,0.0,0.0,0.0,0.0,0.987,0.111,0.969,0.04,0.0,0.0,0.0,0.922,0.462,0.242,0.0,0.254,0.0,0.927,0.677,0.819,0.0,0.0,0.0,0.0,0.815,1.059,0.0,0.0,0.0,1.743,0.0,1.755,0.0,0.0,0.0,0.437,0.0,0.999,0.059,0.0,0.0,0.188,0.982,0.273,0.104,0.956,0.885,1.51,0.141,0.0,0.459,0.407,1.421,0.0,0.786,0.0,0.0,0.779,0.0,0.475,0.0,0.042,0.0,0.171,0.0,2.712,0.791,3.103,0.117,0.379,0.0,0.0,0.0,0.0,0.421,0.0,0.0,0.0,2.243,1.04,0.654,2.941,0.0,0.315,0.0,0.883,0.0,0.0,0.0
0.973,1.261,1.118,0.808,1.957,0.0,1.688,0.0,0.864,0.366,0.0,0.0,0.0,0.0,1.229,0.257,0.0,0.0,1.658,0.0,1.736,0.962,0.611,0.0,1.84,0.0,2.573,0.0,0.74,0.0,0.405,0.0,0.0,0.913,0.569,0.687,0.0,0.76,0.0,0.0,0.748,1.621,0.811,0.0,0.0,0.508,0.0,0.0,0.582,0.41,0.0,0.0,0.0,0.62,1.953,0.0,1.626,0.892,3.208,0.638,0.0,0.65,0.0,0.0,0.0,0.774,0.094,0.0,2.617,0.57,0.888,0.0,0.0,1.624,0.0,1.282,0.101,0.0,1.463,0.0,1.351,0.874,1.234,0.832,0.529,0.0,0.627,0.0,0.0,0.0,0.0,0.0,0.0,0.0,0.0,0.0,0.938,0.532,0.976,1.0,1.0,1.0,3.792
0.0,0.0,0.0,0.0,0.0,1.817,0.631,2.012,0.0,0.774,0.0,0.776,0.0,0.0,0.0,0.0,0.0,0.0,0.73,0.0,0.462,0.0,0.0,1.766,0.225,0.0,0.0,0.481,0.0,0.524,0.0,0.0,0.777,1.555,0.474,0.829,0.354,0.0,0.0,0.426,0.377,2.153,0.176,1.761,1.117,0.0,0.985,0.14,0.0,0.0,0.0,0.0,0.0,0.966,0.776,0.0,0.0,0.0,0.0,0.0,0.0,0.0,0.692,0.576,1.21,0.0,0.0,1.34,0.109,0.869,0.0,0.0,0.0,0.0,0.0,0.0,0.0,0.249,0.0,0.0,0.848,2.304,0.798,2.9,0.778,0.211,0.718,0.349,0.0,0.0,0.772,0.229,0.0,0.623,0.886,1.908,0.222,2.74,0.777,0.0,0.0,0.0,0.0
0.089,0.0,0.0,0.613,0.0,0.167,0.0,0.0,0.0,0.0,0.685,0.0,0.0,0.0,0.0,0.885,0.145,0.0,0.0,1.625,0.285,0.0,0.429,1.879,0.046,0.0,0.0,0.716,0.954,0.336,0.0,2.778,0.706,2.12,0.0,1.067,0.0,3.806,1.347,2.022,2.644,0.561,0.0,0.0,0.513,0.0,0.0,0.957,0.069,0.609,0.0,3.73,1.413,0.0,0.0,0.0,0.0,0.0,0.553,0.658,1.839,0.997,1.879,0.0,1.442,0.233,0.0,0.0,0.361,0.0,0.0,0.505,0.0,0.723,0.247,0.658,0.918,0.533,1.618,0.269,0.0,2.198,1.424,0.514,0.0,0.913,0.023,0.0,0.0,0.89,0.189,0.0,0.0,0.0,0.0,0.0,0.761,0.864,0.0,0.0,0.0,0.0,0.0
1.24,0.296,0.381,0.0,0.0,0.677,0.0,0.0,0.0,1.59,0.84,0.955,1.336,0.507,0.0,0.767,0.0,0.924,0.581,0.0,0.0,0.0,0.0,0.205,0.555,0.0,0.391,0.0,0.0,0.494,1.474,0.0,0.322,0.0,0.0,0.798,0.058,0.289,0.0,0.0,2.491,0.507,0.103,0.0,0.0,0.0,0.663,0.991,1.045,0.0,0.0,0.0,0.0,0.0,0.0,0.463,0.807,2.505,0.017,0.0,0.925,1.978,0.152,2.498,0.891,0.428,0.0,0.591,0.0,0.0,0.0,1.852,1.201,3.319,0.0,0.0,0.0,1.022,0.094,0.226,0.0,0.836,0.762,0.0,0.0,0.0,0.0,0.055,0.396,1.131,0.799,0.67,0.805,0.0,0.376,0.0,0.0,0.0,0.875,0.0,0.0,0.0,0.0
0.0,0.951,0.107,0.0,0.44,0.942,0.275,0.0,0.282,0.656,0.964,0.492,0.432,0.0,0.0,0.508,0.0,0.0,0.174,0.0,0.0,1.592,1.642,0.0,2.669,0.901,0.664,0.0,0.0,0.0,0.0,0.575,1.505,0.169,2.479,0.838,0.0,0.0,0.0,0.0,0.935,0.626,0.0,0.0,0.0,0.0,0.0,0.803,1.772,1.079,0.046,0.0,0.962,0.0,0.982,0.853,0.0,0.953,0.472,0.28,0.45,0.0,1.401,0.144,0.384,0.0,0.855,0.583,1.642,0.652,1.976,0.0,0.0,0.0,0.0,0.0,0.0,0.418,0.0,0.553,0.33,0.693,0.651,0.612,0.0,0.0,0.0,0.055,0.0,0.573,0.0,0.0,0.42,1.784,0.09,0.0,0.978,0.0,0.971,0.965,0.0,0.0,0.0
0.0,0.0,0.0,0.788,0.0,0.524,0.0,0.0,1.289,0.0,1.552,0.766,0.0,0.722,0.0,0.0,0.0,0.0,0.943,0.846,0.0,0.0,0.0,0.933,0.216,0.715,0.0,0.0,0.0,0.0,0.975,0.685,0.0,0.0,0.14,0.0,0.0,1.487,0.168,0.0,0.0,0.0,0.223,0.0,0.0,0.0,0.775,0.0,0.269,0.735,0.0,2.525,0.276,2.462,0.0,1.899,0.0,1.472,0.0,0.384,0.676,0.0,0.846,0.774,0.0,0.0,0.933,0.206,0.848,0.002,0.948,1.084,0.4,0.957,1.127,0.955,2.161,0.0,1.804,0.0,1.984,0.0,1.691,0.689,0.959,0.0,0.0,0.0,0.0,0.0,0.587,0.0,0.518,0.37,0.0,0.897,0.958,0.434,0.0,2.03,0.357,0.0,0.0
0.886,0.118,0.0,0.988,0.594,0.0,0.316,0.0,0.563,0.0,0.0,0.0,0.355,0.867,0.517,0.0,0.0,1.831,0.0,1.738,1.483,0.516,0.0,0.931,0.057,0.944,0.964,1.355,1.226,0.0,1.981,0.364,1.687,0.0,0.0,1.098,0.843,0.433,1.59,0.933,0.0,0.0,0.0,0.0,0.0,0.0,0.855,0.138,0.0,1.059,0.029,0.0,0.0,0.783,0.0,2.272,0.883,0.807,0.0,0.0,0.0,0.234,0.0,0.0,0.0,0.0,0.0,0.0,0.0,0.0,0.0,0.0,0.0,0.701,0.0,0.0,0.682,0.358,0.0,0.856,0.051,1.629,0.643,0.0,0.0,0.0,0.0,0.0,0.0,0.0,0.0,0.0,0.0,0.0,0.95,0.935,0.0,0.927,1.525,0.767,0.0,0.0,0.0
0.0,1.04,1.168,0.0,0.064,0.915,1.581,0.405,0.6,0.0,0.0,0.698,0.221,0.0,0.0,3.059,0.959,2.926,0.427,0.869,0.065,0.916,0.021,0.698,0.816,0.0,0.0,0.281,0.0,0.961,0.629,0.0,0.551,0.973,0.813,0.0,0.194,0.0,0.0,0.0,0.0,0.0,0.762,0.843,0.999,0.481,1.153,0.0,0.767,0.847,0.369,0.847,0.351,0.0,0.0,0.251,0.508,0.0,0.666,0.0,0.0,0.0,0.0,0.702,0.126,0.913,0.361,2.481,1.88,2.184,0.558,0.97,0.087,0.837,1.678,0.476,0.0,0.0,0.411,0.0,1.477,0.881,0.31,0.0,0.0,0.0,0.0,0.0,0.0,0.0,2.979,0.0,1.594,0.851,0.0,0.49,1.367,0.164,0.585,0.0,0.0,0.0,0.0
0.0,0.728,1.439,0.0,1.506,0.854,0.0,0.0,0.742,0.355,0.843,0.0,0.0,0.0,2.145,0.77,0.0,0.198,0.654,0.0,0.0,0.0,0.0,0.997,0.244,0.425,1.938,0.578,0.407,0.0,0.0,0.558,0.0,0.0,0.02,0.608,0.0,0.0,1.491,1.507,0.154,0.0,0.207,0.281,0.984,0.723,3.097,0.072,1.97,0.997,1.391,0.379,0.0,0.0,0.912,0.957,0.569,1.376,0.64,0.0,0.642,0.0,0.899,0.104,0.0,0.991,0.329,0.923,1.364,0.0,0.913,0.32,0.0,0.589,0.0,0.0,0.789,0.899,0.0,0.895,0.104,0.0,0.0,0.079,0.0,0.642,0.435,0.0,0.0,0.0,0.0,0.89,1.243,0.0,0.0,1.938,0.0,2.142,0.656,0.0,0.0,0.0,0.0
0.0,0.312,0.0,0.0,0.0,0.0,0.0,0.0,0.0,0.0,0.376,0.388,0.0,0.0,1.366,0.0,0.854,0.0,0.0,0.292,0.382,0.0,0.0,0.519,0.0,0.0,1.845,0.0,2.45,0.0,0.617,0.213,0.973,0.544,0.0,0.862,0.748,0.0,1.765,0.0,1.427,0.864,0.0,0.0,0.719,1.771,0.244,0.0,0.602,0.698,0.953,0.554,0.0,0.0,0.776,0.0,0.618,0.0,0.0,1.889,1.112,2.83,0.0,0.956,0.989,0.0,0.549,0.0,0.309,0.892,0.489,0.0,0.68,0.0,0.891,1.849,0.0,0.0,1.798,1.066,0.0,0.0,0.0,0.0,2.666,0.643,2.502,0.0,0.0,0.0,0.0,0.0,0.0,0.0,0.957,1.976,0.416,0.481,0.0,0.839,0.569,0.0,0.0
0.279,0.485,0.97,1.017,0.705,0.0,0.0,0.0,0.0,0.0,0.0,0.0,0.777,0.0,0.974,0.956,0.974,0.0,0.199,0.0,0.798,0.833,0.0,0.0,0.462,0.865,3.333,0.165,3.631,0.0,3.587,0.493,0.0,0.0,1.303,0.058,0.0,0.0,0.787,0.309,1.897,1.014,0.0,0.0,0.0,0.0,0.465,0.0,0.0,0.527,0.258,0.0,0.0,0.734,0.892,0.078,0.0,0.0,0.0,0.0,0.0,1.62,1.418,0.169,0.55,0.681,0.216,0.0,0.0,0.0,0.0,0.282,0.481,0.0,0.0,0.969,0.656,0.0,0.0,0.0,0.543,0.0,0.47,0.495,0.64,0.552,0.0,0.697,0.0,0.0,0.0,0.0,0.0,0.975,1.172,0.432,0.0,0.0,0.0,0.802,0.0,0.0,0.0
0.0,0.0,0.0,0.0,0.0,0.679,0.0,0.0,0.0,0.0,0.0,0.0,2.235,0.0,2.177,0.468,0.0,0.0,0.235,0.251,0.0,0.0,0.0,0.337,0.0,0.0,0.0,0.539,0.0,0.0,0.0,0.0,0.489,0.0,0.0,0.0,0.377,0.0,0.454,0.0,0.0,0.0,0.0,0.0,0.0,0.88,0.659,0.875,0.194,0.446,0.892,0.504,0.972,0.354,0.0,0.827,0.911,2.338,0.777,0.735,0.0,0.0,0.0,0.915,1.298,0.363,0.0,0.0,0.0,0.0,0.0,0.458,0.155,0.0,0.0,0.0,1.548,0.053,0.0,0.0,0.84,0.75,0.854,0.0,0.945,0.975,0.0,0.0,0.0,1.94,0.932,2.175,0.0,0.0,0.0,0.0,0.0,0.0,0.0,0.0,0.0,0.0,0.0
0.0,0.0,0.33,0.0,0.0,0.0,0.0,0.447,0.0,0.0,0.19,0.0,0.854,0.35,0.451,0.492,0.985,0.426,0.846,1.861,0.442,1.986,0.0,0.0,1.673,0.0,2.568,0.746,0.0,0.0,0.0,0.0,0.0,0.0,0.91,0.0,0.0,0.58,0.071,0.0,0.174,0.457,0.0,0.0,0.0,0.371,0.0,0.613,0.687,0.544,0.443,0.0,1.85,1.263,0.026,0.981,1.615,1.06,0.986,0.424,0.0,0.0,0.0,0.0,0.0,0.855,0.294,0.0,0.899,0.184,0.0,0.0,0.0,0.0,0.5,0.0,0.0,0.894,0.276,0.0,0.873,0.242,1.954,0.306,3.831,1.59,1.07,0.127,0.0,0.0,0.0,1.269,0.164,0.0,0.374,1.999,0.0,1.848,0.768,0.0,0.0,0.0,0.0
0.0,0.0,0.0,0.788,0.0,0.0,0.0,0.0,0.0,0.0,1.84,1.379,0.0,0.0,0.0,0.0,0.0,0.166,0.0,0.314,0.0,1.989,0.0,1.73,0.0,0.384,0.557,0.642,0.0,0.273,0.855,0.89,0.703,0.876,0.0,0.0,0.0,0.747,0.0,0.357,0.0,0.333,0.0,0.441,0.0,0.0,0.554,1.294,0.686,0.0,0.0,1.631,1.211,0.0,0.0,0.0,1.317,0.972,1.301,0.0,0.0,2.614,0.0,1.986,0.0,0.0,0.0,0.341,0.0,0.0,0.0,1.939,0.0,1.872,1.533,0.152,0.0,0.0,0.0,0.0,0.965,0.054,0.909,0.096,0.865,0.97,0.274,0.0,0.0,2.03,1.321,0.0,0.0,0.0,0.0,1.0,0.072,0.0,0.564,0.227,0.0,0.0,0.0
0.937,1.427,0.0,1.376,0.062,1.125,0.004,1.985,0.0,1.613,0.167,0.0,0.0,0.0,0.0,0.0,0.0,0.888,0.71,0.0,0.901,1.778,0.427,0.262,0.0,1.0,0.97,0.998,0.585,0.648,1.777,0.997,1.178,0.436,0.0,0.705,2.492,0.0,2.052,0.275,0.59,0.0,0.827,0.483,0.804,0.047,0.0,0.0,0.879,0.638,0.229,0.0,0.0,1.607,0.688,0.0,0.0,0.709,0.0,0.0,0.753,0.843,0.849,0.796,0.144,0.0,0.0,1.224,0.856,0.619,0.423,0.0,0.256,0.0,0.0,0.0,0.0,0.0,0.0,0.291,0.0,0.0,0.0,0.618,0.0,0.983,0.251,0.0,0.0,0.0,0.0,0.0,0.0,0.0,0.797,0.0,0.0,0.0,1.075,1.0,1.0,2.186,0.0
0.0,0.868,0.352,0.0,0.0,0.559,0.0,0.16,0.0,0.643,0.0,0.657,2.624,0.0,1.936,0.0,0.0,1.089,0.641,0.895,0.0,0.0,0.0,0.0,0.265,0.0,0.0,0.29,0.141,0.0,0.945,1.489,0.936,2.009,0.0,2.709,0.922,0.0,0.0,0.0,0.0,0.657,0.0,0.0,0.0,0.0,0.0,0.0,0.0,0.0,0.0,0.991,0.585,0.0,0.0,0.0,0.0,1.088,0.093,0.0,0.832,0.438,0.0,0.294,0.0,0.0,0.629,0.378,1.908,0.886,0.171,0.0,1.883,0.0,1.882,0.701,0.09,0.654,0.0,1.208,0.334,0.222,0.708,0.925,0.123,0.602,0.96,0.0,1.973,0.0,2.149,0.518,0.0,1.995,0.645,2.283,0.239,0.776,0.0,0.963,0.296,0.0,0.0
0.0,0.0,0.0,0.0,0.0,0.0,0.848,0.785,0.0,0.0,0.0,0.0,0.106,0.0,0.0,0.0,1.067,0.0,0.0,0.303,0.947,0.223,1.152,0.0,0.204,0.0,0.0,0.0,0.0,0.0,0.0,0.855,2.72,0.0,0.961,0.344,0.0,0.208,0.0,0.978,0.934,0.723,0.0,0.922,0.108,0.0,0.0,1.141,2.325,0.403,0.0,0.0,0.0,0.62,0.0,0.0,0.0,0.0,0.0,0.0,0.612,0.0,1.914,1.214,1.556,0.761,1.216,0.087,0.0,0.355,1.794,0.0,1.828,0.0,0.0,0.394,3.575,2.463,0.0,2.542,0.0,0.0,0.0,0.0,0.0,0.912,1.002,0.0,0.0,0.938,0.605,0.0,0.0,0.663,0.0,0.0,0.0,0.0,0.62,0.288,0.0,0.0,0.0
0.0,0.651,1.795,0.764,0.0,0.0,0.476,0.994,0.204,0.0,0.849,0.879,0.0,0.0,0.0,0.923,0.0,0.651,2.049,0.059,0.0,0.979,0.262,2.547,0.0,1.632,0.0,0.0,0.0,0.209,0.0,0.942,0.137,0.975,0.707,0.0,0.0,0.0,0.0,0.0,2.598,0.709,1.495,0.564,0.0,0.363,0.0,0.416,0.892,0.838,0.0,1.529,0.379,0.084,0.0,0.242,0.518,0.506,0.021,0.0,0.0,0.342,0.0,1.311,0.151,0.0,0.54,0.862,0.059,0.0,0.0,0.853,0.81,0.0,0.778,0.592,1.848,0.928,2.097,0.0,0.0,0.0,0.0,0.0,0.0,0.18,0.0,0.0,0.0,2.669,0.0,2.877,1.115,0.872,0.465,0.42,0.0,0.0,0.0,0.0,0.0,0.0,0.0
0.295,0.0,0.091,0.77,0.0,0.0,0.674,1.212,0.33,0.0,0.0,0.0,0.0,0.0,0.0,0.925,0.22,0.0,0.824,0.0,0.623,1.538,1.25,0.163,0.0,1.371,0.829,2.824,0.638,1.716,0.0,0.0,0.0,0.0,0.094,0.0,0.0,0.564,0.468,0.259,0.0,0.904,1.091,0.0,0.261,0.0,1.887,1.667,0.0,0.464,0.0,0.0,0.0,0.0,0.0,0.0,0.0,0.312,0.0,0.268,0.0,1.301,2.152,0.316,0.0,0.0,0.0,0.836,0.207,0.44,0.206,0.335,0.49,0.239,0.932,0.39,0.0,0.0,0.0,0.0,0.0,0.0,1.784,0.627,0.0,1.974,0.0,2.006,0.0,0.0,0.0,0.825,0.025,0.0,0.0,0.0,0.212,0.0,0.0,0.911,0.554,0.0,0.0
0.729,0.0,0.0,0.0,0.0,1.239,0.0,0.0,0.0,0.0,0.0,1.843,0.961,1.865,0.814,1.814,0.0,2.051,0.0,1.197,0.0,0.891,1.376,0.0,0.249,0.368,0.0,0.0,0.0,0.0,0.566,0.51,0.0,0.0,0.0,0.0,0.854,0.777,0.0,0.0,0.571,0.798,2.891,0.0,0.0,0.0,0.0,0.0,0.091,0.979,1.489,0.507,0.0,0.385,0.0,0.0,0.278,0.0,0.0,0.0,0.653,1.351,0.924,0.931,0.0,0.0,0.331,0.654,0.714,0.0,0.0,0.989,1.044,0.998,0.0,0.676,0.206,1.182,0.0,0.478,0.0,0.0,1.977,1.766,3.8,1.385,2.316,0.379,0.0,0.74,0.0,0.0,0.0,0.0,0.852,0.592,0.077,0.414,5.59,0.678,3.787,0.0,0.0
1.566,0.0,0.44,0.0,0.0,0.0,0.0,1.877,0.0,0.0,0.0,1.443,0.563,0.849,0.637,0.535,0.0,0.0,0.0,0.0,0.0,0.0,0.987,0.662,0.0,0.654,0.0,1.005,2.1,0.0,1.971,0.0,0.365,0.928,0.0,1.328,0.0,0.928,0.262,2.592,2.184,3.269,0.126,3.832,0.856,1.558,1.728,0.555,0.0,0.212,0.0,0.0,0.0,0.0,1.884,1.476,0.0,0.764,0.0,0.0,0.0,0.0,0.0,0.0,0.238,0.861,1.409,0.169,0.0,0.0,0.438,0.0,0.0,0.0,0.0,0.68,0.576,0.461,1.856,0.743,0.971,0.509,0.0,0.521,0.0,0.399,0.0,0.07,0.426,0.585,0.0,0.0,0.227,0.0,0.99,0.999,0.962,0.294,1.597,1.0,1.804,0.0,0.0
0.403,0.953,1.806,1.706,0.922,0.045,0.0,0.0,0.795,0.0,2.29,0.0,1.619,0.813,1.153,0.805,0.0,0.0,0.797,1.46,0.372,0.0,0.0,0.741,0.0,0.782,0.0,0.0,2.864,0.899,1.662,0.0,0.0,0.754,0.45,0.0,0.0,0.0,0.0,0.0,0.554,0.607,0.561,0.0,0.0,0.0,0.0,0.524,0.0,1.609,0.881,0.163,0.0,0.0,0.905,0.467,0.72,0.657,0.0,1.15,0.047,0.0,0.974,1.317,0.0,1.806,0.0,2.062,0.531,1.96,1.392,0.17,2.544,0.0,0.0,0.163,0.0,0.648,0.914,0.372,0.845,0.5,0.261,0.911,1.506,0.019,0.243,0.0,0.0,0.0,0.0,0.0,0.0,0.0,0.0,0.567,0.907,1.0,1.934,0.0,0.0,0.0,0.0
0.941,0.141,0.0,0.0,0.0,0.0,0.0,0.0,0.339,0.531,0.0,0.0,0.0,0.631,0.0,0.0,0.0,0.0,0.948,0.151,0.963,1.366,0.093,0.0,0.0,0.0,0.936,0.0,0.0,0.118,0.366,0.685,1.461,0.0,0.103,0.0,0.0,0.762,0.936,0.8,0.0,0.0,0.0,0.583,0.994,0.354,0.0,0.755,0.906,0.0,0.908,0.276,0.0,0.0,0.0,0.497,0.0,0.859,0.115,0.693,0.085,0.876,0.569,0.447,0.338,1.157,1.825,0.892,0.0,0.0,0.966,1.07,0.294,0.776,0.644,0.0,0.818,0.134,0.985,0.328,0.0,0.0,0.0,0.896,0.0,0.0,0.0,1.813,1.0,0.0,2.695,0.0,0.0,0.0,0.0,0.274,1.841,2.179,0.0,0.0,0.0,0.0,0.0
0.0,0.0,0.0,0.762,0.0,0.0,0.0,0.0,0.438,0.645,0.0,0.578,0.0,0.203,1.684,0.543,1.962,0.0,0.441,0.0,0.23,0.0,0.0,1.358,0.0,1.726,1.218,0.0,0.483,0.0,2.454,1.614,2.851,0.0,0.0,0.0,0.0,0.868,0.424,0.0,1.451,0.696,0.0,0.0,0.982,0.039,0.0,0.0,0.0,0.0,0.0,0.0,1.924,0.0,3.449,0.814,1.1,0.0,1.987,0.0,2.732,0.384,0.0,0.521,0.0,0.0,0.0,0.949,1.454,0.4,0.0,0.359,0.0,0.293,0.0,0.0,0.0,0.442,0.0,1.195,0.0,0.0,0.0,0.0,0.0,0.0,0.967,0.48,1.74,0.0,2.197,0.0,0.305,0.0,1.083,0.0,0.0,0.0,0.994,0.625,0.0,0.0,0.0
0.819,0.524,0.439,0.0,3.729,0.2,1.454,0.0,0.789,0.0,0.0,0.968,0.755,0.389,0.0,0.0,0.0,0.721,0.401,1.98,1.437,0.0,2.536,0.0,0.982,0.104,0.0,0.0,0.0,0.0,0.0,0.0,0.0,0.0,0.0,0.789,1.894,0.0,1.653,0.0,0.0,0.0,0.0,0.0,0.0,0.8,0.467,0.0,0.0,0.754,1.349,0.0,0.0,0.949,0.557,0.0,0.531,0.0,0.0,0.0,0.217,1.211,1.274,0.0,0.0,0.573,0.995,0.853,0.0,0.0,0.087,0.0,0.0,0.0,0.0,0.0,0.0,1.051,1.396,0.447,0.0,0.0,0.17,0.497,0.0,1.277,0.007,0.896,0.0,0.0,0.0,0.0,1.402,0.751,0.0,0.0,0.258,0.443,0.0,0.0,0.0,0.0,0.0
0.99,0.007,0.0,1.977,0.452,0.519,1.847,0.307,2.48,0.524,0.0,0.0,0.0,0.0,0.0,0.0,0.0,0.0,0.0,0.0,0.243,1.465,0.959,0.0,0.544,2.108,0.007,0.246,0.111,0.0,0.0,0.999,1.256,0.938,0.442,0.0,0.0,0.0,0.764,1.992,1.001,0.0,0.622,1.825,0.162,0.637,0.0,0.384,0.0,0.459,0.775,0.0,0.0,0.959,0.021,0.164,0.0,0.0,0.654,0.324,0.742,0.892,0.625,0.0,0.0,0.0,0.0,0.455,0.0,0.228,1.572,1.419,0.0,0.769,0.0,0.781,0.638,0.406,0.0,0.0,0.0,1.342,1.439,0.297,0.052,0.967,0.272,1.349,0.0,0.0,0.779,0.0,0.0,0.389,0.952,0.308,0.0,0.0,0.0,1.042,0.0,0.0,0.0
0.0,0.0,0.83,0.323,0.0,1.985,0.428,1.677,0.0,0.0,1.895,0.0,1.706,0.0,0.0,0.0,0.363,0.0,0.0,0.0,0.0,0.0,0.987,0.251,0.0,0.0,0.0,1.431,1.133,0.0,0.0,0.19,0.735,0.0,1.133,0.0,0.869,0.133,0.0,0.0,0.411,0.0,0.0,0.0,0.0,0.856,0.808,0.834,0.911,0.91,0.0,0.0,0.379,0.0,0.0,0.679,0.0,0.0,0.163,0.0,0.0,0.0,0.638,0.0,0.471,0.671,0.0,0.0,0.237,0.077,0.0,0.0,0.0,0.0,0.711,0.909,0.0,0.0,0.0,0.0,0.0,1.975,1.214,0.32,0.0,0.0,0.0,0.0,0.0,0.0,0.0,0.0,0.0,0.4,1.954,0.43,1.574,0.0,0.0,1.983,0.424,0.0,0.0
1.733,0.031,0.0,0.0,0.324,0.0,0.0,0.0,0.0,0.0,0.471,0.0,0.0,0.0,0.0,0.0,0.943,0.112,0.0,0.586,0.0,0.147,0.0,0.0,0.0,0.0,0.0,0.126,0.0,0.887,0.423,1.88,0.227,0.0,0.0,0.0,0.0,0.0,0.0,0.0,0.0,0.0,0.0,0.928,1.481,1.615,0.793,0.0,0.522,1.34,0.673,0.0,0.0,0.0,0.967,0.863,0.0,1.761,1.942,0.661,0.0,0.983,0.738,1.325,0.137,0.0,1.163,0.0,0.804,0.0,2.186,0.735,1.61,0.0,0.0,0.0,0.0,0.273,0.568,0.757,0.0,0.0,0.0,0.222,0.0,0.898,1.469,0.0,0.289,0.0,0.0,0.0,0.0,0.0,0.448,0.0,0.0,0.0,0.0,0.0,0.0,0.0,0.0
0.859,1.242,2.111,0.0,2.061,0.808,0.0,0.0,0.0,0.0,0.0,0.0,0.0,0.426,0.0,0.0,0.252,0.0,0.0,0.702,0.0,0.0,0.0,0.0,0.0,0.96,1.912,0.162,0.0,0.675,0.0,0.794,0.0,0.703,0.0,0.0,0.0,0.0,1.833,0.0,2.957,0.239,0.724,0.0,0.0,0.684,0.0,0.797,0.845,0.0,0.0,0.0,0.0,0.0,1.065,0.723,0.0,0.829,1.998,0.212,0.0,0.65,0.973,1.786,0.362,0.0,0.522,0.872,1.353,1.047,0.0,0.0,0.0,0.836,0.595,0.0,0.0,0.0,0.0,0.0,1.459,0.042,0.804,0.597,0.458,0.0,0.0,1.349,0.185,0.0,0.0,0.85,0.0,0.974,0.575,0.0,0.513,0.244,0.117,0.716,0.08,0.0,0.0
0.691,0.843,0.324,0.0,0.0,0.0,0.0,0.0,0.0,0.678,0.0,0.0,0.507,0.074,1.252,0.819,0.0,0.0,0.0,0.0,0.0,0.0,0.0,0.739,0.623,1.331,0.126,0.0,0.995,0.38,0.0,0.0,0.075,0.0,0.0,0.0,0.0,0.0,0.0,0.957,0.0,0.0,0.507,0.0,0.869,1.055,0.0,0.0,0.578,0.0,0.0,0.0,0.0,0.671,0.0,0.0,0.0,0.0,0.0,0.0,0.905,0.943,0.199,0.0,0.0,0.0,0.0,0.0,0.969,0.926,0.343,0.0,0.0,0.056,0.0,0.0,0.759,0.989,0.574,0.0,0.674,0.387,0.0,0.0,0.0,0.0,0.998,0.266,0.349,0.0,0.38,0.132,0.0,0.0,0.998,0.0,0.0,0.956,0.732,1.622,1.535,0.0,0.0
0.506,0.0,0.0,0.784,0.0,0.0,0.0,0.0,0.0,0.931,0.313,0.0,0.413,0.0,0.572,0.0,0.0,0.257,0.915,0.701,1.811,0.0,0.0,0.0,1.076,0.642,0.865,0.0,0.0,0.0,0.894,0.0,0.0,1.48,0.142,0.0,0.0,0.441,0.609,0.0,0.0,0.0,0.0,0.254,1.906,0.0,2.486,0.0,0.0,0.0,0.0,0.0,0.0,0.864,0.0,0.928,0.456,0.858,1.071,0.809,0.137,0.57,0.0,0.0,0.0,1.834,0.968,2.543,0.0,0.0,0.0,0.0,0.251,0.0,0.0,0.484,1.952,0.893,3.319,0.0,0.0,0.0,0.0,0.0,2.9,1.0,0.0,2.674,0.649,1.078,0.429,0.0,0.0,0.767,0.464,1.983,2.112,0.985,0.0,0.771,0.0,0.0,0.0
0.136,0.232,0.91,1.248,0.334,0.239,0.0,0.0,0.0,0.0,0.0,0.0,0.159,0.0,0.721,0.0,0.552,0.0,0.148,0.0,0.0,0.0,0.0,0.974,1.119,0.965,0.0,0.0,0.36,0.0,0.0,0.024,0.0,0.0,0.852,0.353,0.0,0.54,0.0,0.0,0.678,0.771,0.0,0.472,0.0,0.0,0.0,0.0,0.0,0.0,0.924,1.718,0.35,0.0,0.0,0.934,0.0,0.0,0.197,0.0,0.993,0.148,0.0,0.0,0.0,0.778,1.075,0.0,0.0,0.349,0.0,0.0,0.524,0.0,0.0,0.199,0.0,0.0,0.965,0.647,0.869,1.77,0.0,0.0,0.0,0.0,0.0,0.969,0.154,0.0,0.852,1.051,0.963,0.842,0.276,0.0,0.0,0.0,0.0,0.0,0.0,0.0,0.0
0.0,0.0,0.0,0.0,0.0,0.0,1.921,0.285,2.234,0.0,0.0,0.0,1.848,0.586,0.686,0.775,0.376,1.03,0.0,1.456,0.361,0.0,0.445,0.658,1.403,0.53,0.0,0.94,0.088,0.0,0.0,0.0,0.0,0.0,0.0,0.0,0.689,0.0,0.0,0.0,0.305,0.0,0.0,1.392,0.012,0.0,0.471,0.0,0.0,0.0,0.593,0.0,1.164,0.0,1.304,0.0,0.0,0.0,0.0,0.776,0.0,0.0,0.0,0.0,0.0,0.0,0.406,0.0,0.0,0.0,0.759,0.0,0.0,0.916,0.388,0.724,0.0,0.0,0.0,0.511,0.676,0.0,1.869,2.819,2.218,1.694,0.296,0.0,0.0,0.0,0.0,0.088,0.0,0.928,0.132,0.845,1.974,1.313,0.0,0.0,0.0,0.0,0.0
0.0,0.342,1.206,0.0,0.897,0.523,0.0,0.884,0.125,0.0,0.0,0.0,0.0,0.0,0.0,1.576,1.189,0.0,0.0,0.0,0.0,0.0,0.687,0.0,0.0,1.404,0.0,0.0,0.0,0.725,0.0,0.0,0.0,0.985,0.281,0.0,0.0,1.557,0.37,0.0,0.607,0.0,1.738,0.0,3.397,0.884,0.0,0.339,0.0,0.0,0.208,0.947,0.079,0.795,1.056,0.818,1.165,0.306,2.341,0.861,0.0,0.0,0.0,0.0,0.52,0.77,0.0,0.0,0.0,1.077,0.457,0.96,1.913,0.65,1.91,0.0,0.0,0.0,0.0,0.832,0.0,0.564,0.46,0.0,0.0,0.0,0.0,0.054,1.384,2.302,0.428,0.0,0.0,0.0,0.0,0.258,0.0,0.974,1.272,2.055,1.0,2.351,0.0
0.643,1.047,0.0,1.427,0.0,0.0,0.0,0.815,0.46,0.0,0.0,0.0,0.0,1.199,0.167,0.866,1.076,0.258,0.0,0.0,1.367,3.541,1.281,0.0,5.163,0.0,1.602,0.517,0.958,0.661,0.0,1.556,0.308,0.0,0.0,0.0,0.0,0.0,0.595,0.0,0.561,0.0,0.925,0.711,0.0,1.425,0.226,0.0,0.0,0.979,0.236,0.0,0.0,0.0,0.0,0.783,0.913,1.351,0.371,0.0,0.443,0.107,0.0,0.0,0.679,0.104,0.912,0.369,0.326,0.989,0.988,0.355,0.0,0.0,0.481,0.0,0.926,0.445,0.0,0.944,0.159,1.148,0.613,0.183,0.0,0.0,0.0,0.222,0.0,0.0,0.0,0.0,0.0,0.931,0.338,0.0,0.0,0.769,0.0,0.2,0.0,0.0,0.0
0.802,0.991,1.802,0.775,0.0,0.0,0.411,0.0,0.0,0.0,1.375,0.458,0.0,0.432,1.062,0.0,0.0,0.0,1.006,0.06,1.043,0.0,0.205,0.0,1.432,0.083,0.995,1.165,0.527,0.479,0.0,0.902,0.0,1.941,0.225,0.814,0.697,0.0,0.0,1.947,0.262,0.0,0.0,0.758,0.02,0.227,0.0,0.613,0.826,1.732,1.553,0.0,0.0,1.362,0.789,0.0,0.0,0.0,0.0,0.0,0.995,1.224,0.0,0.0,0.0,0.476,0.0,0.0,0.298,0.0,0.382,0.0,0.438,2.334,0.432,1.725,0.644,0.0,0.0,0.92,0.996,0.0,0.265,0.0,0.263,0.67,0.61,0.229,0.0,0.085,0.207,0.988,1.076,0.693,0.0,0.92,0.332,0.0,0.0,0.0,0.0,0.0,0.0
0.439,0.767,0.41,0.0,0.0,0.0,0.0,0.245,0.0,0.0,0.0,0.0,0.371,0.0,0.0,0.558,0.737,0.412,0.0,0.0,0.0,0.278,0.0,0.0,0.0,0.0,0.0,0.0,0.0,0.0,0.318,0.0,0.0,0.161,0.871,0.0,0.0,0.0,0.0,0.0,0.0,0.0,0.0,0.393,0.0,0.98,0.092,1.831,1.805,0.692,0.0,0.564,0.0,0.43,0.0,0.0,0.0,0.446,0.0,1.381,0.842,0.81,0.0,1.578,4.621,0.99,3.767,0.502,0.0,0.0,0.422,0.0,0.0,0.0,0.993,1.555,0.211,0.763,0.434,0.0,0.0,0.0,0.432,0.0,0.882,0.478,0.645,0.0,0.0,0.0,0.0,2.289,0.963,2.447,1.221,0.754,0.922,0.139,0.0,0.294,0.0,0.0,0.0
0.0,1.024,0.963,1.508,1.973,0.088,0.958,0.767,0.0,0.957,1.178,0.0,0.432,1.306,0.801,1.297,0.0,0.89,0.918,0.182,0.529,0.0,0.0,0.0,0.0,0.108,0.0,1.665,0.077,0.396,1.0,0.279,0.728,0.0,0.0,0.157,0.659,0.586,0.979,0.792,0.0,1.558,1.147,1.356,0.965,0.413,1.845,0.0,1.982,0.0,0.729,0.0,0.793,0.0,0.0,0.776,0.0,0.0,0.979,0.0,0.0,0.0,0.35,0.892,0.211,0.0,0.0,0.0,0.0,0.0,0.384,0.0,0.0,0.706,0.0,1.082,0.972,0.0,0.0,0.0,0.0,0.835,0.65,0.0,0.0,0.795,1.303,1.236,0.0,0.0,0.0,0.947,1.062,0.293,0.0,1.702,0.0,2.341,0.0,0.471,0.0,0.0,0.0
1.972,0.377,2.368,0.0,1.744,0.0,1.575,0.0,0.0,0.493,0.0,0.0,0.488,0.0,0.988,1.625,0.0,0.0,0.45,0.837,0.0,0.0,0.79,1.842,0.015,0.0,0.0,0.0,0.416,0.404,0.0,0.0,0.0,0.0,0.6,0.0,0.106,0.0,0.0,0.89,1.905,2.679,1.0,0.0,2.411,0.0,0.0,0.0,0.0,1.313,0.584,0.0,0.6,0.413,0.011,0.0,0.0,0.139,0.742,0.604,0.0,0.388,0.0,0.086,0.0,0.0,0.476,0.0,0.0,1.591,0.705,0.248,0.0,0.243,0.9,1.301,2.9,0.841,2.55,0.0,0.0,0.547,0.0,0.0,0.31,0.582,0.0,1.307,0.608,0.22,0.0,0.0,0.0,0.881,0.894,0.0,0.784,0.532,0.0,0.0,0.0,0.0,0.0
0.926,0.0,0.173,0.0,0.868,1.1,0.28,0.0,0.0,0.373,0.0,0.202,0.0,0.239,1.375,0.913,0.0,0.0,0.567,0.858,0.0,0.183,0.0,0.0,0.0,0.0,0.0,0.976,0.311,0.0,0.0,0.702,0.0,0.665,1.197,0.095,0.0,0.854,0.892,0.872,0.215,0.0,0.0,0.0,0.626,0.0,0.713,2.72,0.479,2.17,0.0,0.0,0.562,1.29,0.172,0.0,0.0,0.382,2.435,0.139,1.586,0.0,0.0,0.0,0.0,0.943,0.0,0.0,0.448,0.456,0.0,0.0,0.0,0.0,0.0,0.0,0.0,0.0,0.863,0.948,0.764,0.0,0.0,0.95,0.252,0.0,0.0,0.0,0.0,0.183,0.0,0.513,0.0,0.0,0.0,0.0,0.0,0.0,0.0,0.268,0.0,0.0,0.0
0.853,0.383,0.0,0.923,0.249,0.0,0.933,0.325,0.0,0.24,0.0,0.0,0.0,1.363,0.06,0.0,0.0,1.942,0.0,2.461,0.731,0.0,0.0,0.0,0.0,0.0,3.179,1.533,0.131,0.0,0.0,0.0,0.0,0.499,0.607,0.0,0.0,0.104,0.0,0.0,0.0,0.0,0.0,0.0,0.0,0.0,0.0,0.0,0.208,0.607,0.0,0.0,0.0,0.0,0.0,0.0,0.0,1.378,0.009,0.0,0.758,0.365,0.16,0.0,0.0,0.0,0.363,0.0,0.97,0.962,0.0,0.536,0.0,0.0,0.0,0.565,1.508,0.942,1.139,0.069,0.0,0.0,0.0,0.0,0.0,0.0,2.153,0.839,3.193,0.131,0.0,0.582,0.0,0.0,0.661,1.55,0.687,0.815,0.0,0.0,0.0,0.0,0.0
