id,timestamp,shard,load,expected_end_time,actual_end_time,delay
0,0.01,75,3.472,3.482,3.482,0.0
1,0.045,100,1.544,1.589,1.589,0.0
2,0.08,40,8.1,8.18,8.18,0.0
3,0.09,24,5.17,5.26,5.26,0.0
4,0.11,29,14.453,14.563,14.563,0.0
5,0.15,96,3.754,3.904,3.904,0.0
6,0.17,17,1.797,1.967,1.967,0.0
7,0.18,86,5.695,5.875,5.875,0.0
9,0.185,96,5.551,5.736,5.736,0.0
8,0.185,38,2.122,2.307,2.307,0.0
10,0.19,36,3.633,3.823,3.823,0.0
11,0.24,31,4.743,4.983,4.983,0.0
12,0.245,14,0.334,0.579,0.579,0.0
14,0.25,15,4.586,4.836,4.836,0.0
13,0.25,97,4.784,5.034,5.034,0.0
15,0.265,100,11.592,11.857,11.857,0.0
16,0.285,94,4.991,5.276,5.276,0.0
17,0.345,57,0.456,0.801,0.801,0.0
18,0.55,36,0.174,0.724,0.724,0.0
19,0.55,37,3.679,4.229,4.229,0.0
20,0.6,8,5.464,6.064,6.064,0.0
21,0.705,20,2.554,3.259,3.259,0.0
22,0.725,18,4.691,5.416,5.416,0.0
23,0.82,5,4.984,5.804,5.804,0.0
24,0.835,15,2.116,2.951,2.951,0.0
25,0.84,33,2.841,3.681,3.681,0.0
27,1.0,94,1.123,2.123,2.123,0.0
28,1.05,50,2.231,3.281,3.281,0.0
29,1.08,52,4.647,5.727,5.727,0.0
30,1.589,3,1.525,2.62,3.114,0.494
32,2.21,69,0.838,3.048,3.048,0.0
31,2.307,63,4.139,5.384,6.446,1.062
33,2.92,83,3.65,6.57,6.57,0.0
26,3.482,38,6.647,7.537,10.129,2.592
34,5.02,58,1.986,7.006,7.006,0.0
35,5.195,72,4.032,9.227,9.227,0.0
36,5.27,17,0.986,6.256,6.256,0.0
37,5.29,54,3.973,9.263,9.263,0.0
38,5.51,18,5.266,10.776,10.776,0.0
39,5.74,12,2.294,8.034,8.034,0.0
40,5.985,56,4.211,10.196,10.196,0.0
41,6.255,55,0.814,7.069,7.069,0.0
42,6.305,78,1.195,7.5,7.5,0.0
43,6.565,2,2.161,8.726,8.726,0.0
44,7.65,99,0.368,8.018,8.018,0.0
45,8.205,96,2.59,10.795,10.795,0.0
46,10.145,39,5.33,15.475,15.475,0.0
47,10.27,71,5.853,16.123,16.123,0.0
48,10.335,80,7.071,17.406,17.406,0.0
49,10.73,77,5.259,15.989,15.989,0.0
50,10.945,96,5.858,16.803,16.803,0.0
51,10.955,43,4.914,15.869,15.869,0.0
52,11.21,76,4.895,16.105,16.105,0.0
53,11.345,39,1.675,13.02,13.02,0.0
54,11.67,6,6.118,17.788,17.788,0.0
55,11.7,25,4.013,15.713,15.713,0.0
56,11.965,34,4.014,15.979,15.979,0.0
57,12.11,71,7.003,19.113,19.113,0.0
58,12.28,30,2.912,15.192,15.192,0.0
59,15.01,31,0.892,15.902,15.902,0.0
60,15.035,64,0.999,16.034,16.034,0.0
61,15.165,93,4.875,20.04,20.04,0.0
63,15.29,84,3.78,19.07,19.07,0.0
64,15.455,41,2.359,17.814,17.814,0.0
65,15.565,40,0.321,15.886,15.886,0.0
62,15.713,66,1.249,16.419,16.962,0.543
66,15.92,71,5.576,21.496,21.496,0.0
67,15.965,5,3.502,19.467,19.467,0.0
68,16.06,45,3.468,19.528,19.528,0.0
69,16.11,88,11.026,27.136,27.136,0.0
70,16.54,91,7.14,23.68,23.68,0.0
71,16.615,75,8.891,25.506,25.506,0.0
72,16.695,78,1.006,17.701,17.701,0.0
73,16.935,62,2.135,19.07,19.07,0.0
74,16.94,77,0.94,17.88,17.88,0.0
75,17.2,68,2.167,19.367,19.367,0.0
76,20.06,89,7.467,27.527,27.527,0.0
77,20.11,30,5.437,25.547,25.547,0.0
78,20.2,88,1.125,21.325,21.325,0.0
79,20.225,60,3.92,24.145,24.145,0.0
80,20.325,65,2.811,23.136,23.136,0.0
81,20.38,35,2.193,22.573,22.573,0.0
82,20.515,66,8.793,29.308,29.308,0.0
83,20.53,22,1.597,22.127,22.127,0.0
84,20.605,4,1.92,22.525,22.525,0.0
85,20.735,91,3.357,24.092,24.092,0.0
86,20.86,81,2.567,23.427,23.427,0.0
87,20.91,83,1.795,22.705,22.705,0.0
88,20.97,49,3.901,24.871,24.871,0.0
89,21.56,80,1.944,23.504,23.504,0.0
90,21.67,44,4.811,26.481,26.481,0.0
91,21.715,68,3.056,24.771,24.771,0.0
92,21.82,40,3.591,25.411,25.411,0.0
93,23.035,64,5.423,28.458,28.458,0.0
94,25.17,64,2.444,27.614,27.614,0.0
95,25.19,52,1.388,26.578,26.578,0.0
96,25.32,63,6.904,32.224,32.224,0.0
97,25.355,95,1.242,26.597,26.597,0.0
98,25.38,79,0.824,26.204,26.204,0.0
99,25.505,98,3.923,29.428,29.428,0.0
100,25.63,75,2.233,27.863,27.863,0.0
101,25.95,91,3.412,29.362,29.362,0.0
102,26.035,30,2.574,28.609,28.609,0.0
103,26.325,8,5.388,31.713,31.713,0.0
104,26.48,83,13.243,39.723,39.723,0.0
105,26.78,25,4.454,31.234,31.234,0.0
106,27.22,63,2.88,30.1,30.1,0.0
107,28.145,67,6.742,34.887,34.887,0.0
108,30.22,6,1.881,32.101,32.101,0.0
109,30.33,57,8.024,38.354,38.354,0.0
110,30.67,76,0.779,31.449,31.449,0.0
111,30.765,17,9.864,40.629,40.629,0.0
112,31.34,72,1.506,32.846,32.846,0.0
113,31.595,77,3.347,34.942,34.942,0.0
114,31.99,32,3.548,35.538,35.538,0.0
115,32.405,15,6.749,39.154,39.154,0.0
116,33.12,81,2.078,35.198,35.198,0.0
117,35.415,86,0.806,36.221,36.221,0.0
118,35.43,70,0.282,35.712,35.712,0.0
119,35.45,66,1.123,36.573,36.573,0.0
120,36.025,74,1.658,37.683,37.683,0.0
121,36.33,66,3.315,39.645,39.645,0.0
122,36.545,87,4.297,40.842,40.842,0.0
123,37.825,57,1.675,39.5,39.5,0.0
124,38.355,57,3.102,41.457,41.457,0.0
125,42.16,98,1.87,44.03,44.03,0.0
126,42.48,20,4.186,46.666,46.666,0.0
127,43.77,26,7.886,51.656,51.656,0.0
128,45.055,58,0.167,45.222,45.222,0.0
129,45.115,4,4.949,50.064,50.064,0.0
130,45.15,4,8.33,53.48,53.48,0.0
131,45.195,18,5.523,50.718,50.718,0.0
132,45.28,38,3.006,48.286,48.286,0.0
133,45.5,12,3.875,49.375,49.375,0.0
134,45.505,64,3.39,48.895,48.895,0.0
135,45.61,44,2.023,47.633,47.633,0.0
136,45.865,84,3.082,48.947,48.947,0.0
137,45.89,45,6.797,52.687,52.687,0.0
138,45.97,35,3.087,49.057,49.057,0.0
139,46.25,86,17.023,63.273,63.273,0.0
140,46.255,36,2.482,48.737,48.737,0.0
141,47.805,50,6.909,54.714,54.714,0.0
142,48.24,1,8.747,56.987,56.987,0.0
143,50.105,38,3.858,53.963,53.963,0.0
144,50.13,38,1.461,51.591,51.591,0.0
145,50.2,44,3.693,53.893,53.893,0.0
146,50.215,28,3.264,53.479,53.479,0.0
147,50.255,31,3.616,53.871,53.871,0.0
148,50.3,76,3.402,53.702,53.702,0.0
149,50.305,23,1.568,51.873,51.873,0.0
151,50.335,2,4.317,54.652,54.652,0.0
152,50.44,53,4.659,55.099,55.099,0.0
153,50.465,4,1.046,51.511,51.511,0.0
154,50.54,73,4.332,54.872,54.872,0.0
155,50.935,23,4.532,55.467,55.467,0.0
156,51.55,51,1.109,52.659,52.659,0.0
150,51.591,55,1.506,51.826,53.097,1.271
157,52.675,42,9.642,62.317,62.317,0.0
158,53.645,69,2.229,55.874,55.874,0.0
159,55.315,45,4.916,60.231,60.231,0.0
160,55.365,53,1.336,56.701,56.701,0.0
161,55.46,94,5.977,61.437,61.437,0.0
162,55.485,58,3.594,59.079,59.079,0.0
163,55.705,84,5.822,61.527,61.527,0.0
164,55.95,38,6.892,62.842,62.842,0.0
165,56.155,96,2.97,59.125,59.125,0.0
166,56.74,79,2.078,58.818,58.818,0.0
167,56.84,46,0.772,57.612,57.612,0.0
168,57.135,36,2.022,59.157,59.157,0.0
169,58.26,100,1.611,59.871,59.871,0.0
170,60.045,83,8.29,68.335,68.335,0.0
171,60.08,91,0.533,60.613,60.613,0.0
172,60.165,56,1.273,61.438,61.438,0.0
173,60.26,38,2.64,62.9,62.9,0.0
174,60.26,5,0.638,60.898,60.898,0.0
175,60.335,2,4.669,65.004,65.004,0.0
176,60.56,18,3.016,63.576,63.576,0.0
177,60.705,73,2.14,62.845,62.845,0.0
178,61.025,8,8.827,69.852,69.852,0.0
179,61.095,27,1.682,62.777,62.777,0.0
180,61.595,61,1.936,63.531,63.531,0.0
181,61.655,80,0.88,62.535,62.535,0.0
182,64.045,73,4.851,68.896,68.896,0.0
183,65.13,17,3.347,68.477,68.477,0.0
184,66.385,52,1.51,67.895,67.895,0.0
185,66.585,66,2.596,69.181,69.181,0.0
186,66.625,39,5.716,72.341,72.341,0.0
187,69.235,74,0.913,70.148,70.148,0.0
188,70.225,77,0.144,70.369,70.369,0.0
189,70.455,15,12.204,82.659,82.659,0.0
190,70.57,17,1.519,72.089,72.089,0.0
191,70.925,2,1.207,72.132,72.132,0.0
192,71.425,88,3.641,75.066,75.066,0.0
193,71.76,95,1.794,73.554,73.554,0.0
194,71.94,69,2.305,74.245,74.245,0.0
195,72.575,97,1.246,73.821,73.821,0.0
196,72.83,69,0.481,73.311,73.311,0.0
197,75.25,4,4.566,79.816,79.816,0.0
198,75.43,37,7.926,83.356,83.356,0.0
199,75.47,71,1.618,77.088,77.088,0.0
200,75.68,40,3.043,78.723,78.723,0.0
201,75.69,52,4.809,80.499,80.499,0.0
202,75.875,100,1.589,77.464,77.464,0.0
203,76.265,81,5.523,81.788,81.788,0.0
204,76.27,9,6.044,82.314,82.314,0.0
205,76.44,1,1.605,78.045,78.045,0.0
206,76.71,43,5.169,81.879,81.879,0.0
207,77.28,39,0.791,78.071,78.071,0.0
208,78.065,13,5.701,83.766,83.766,0.0
209,80.085,59,4.959,85.044,85.044,0.0
210,80.13,3,6.633,86.763,86.763,0.0
211,80.17,88,0.697,80.867,80.867,0.0
212,80.2,40,1.888,82.088,82.088,0.0
213,80.22,19,1.695,81.915,81.915,0.0
214,80.27,77,2.464,82.734,82.734,0.0
215,80.37,96,3.235,83.605,83.605,0.0
216,80.375,63,3.767,84.142,84.142,0.0
217,80.4,71,0.968,81.368,81.368,0.0
218,80.405,58,3.902,84.307,84.307,0.0
219,80.415,57,5.679,86.094,86.094,0.0
220,80.48,30,6.972,87.452,87.452,0.0
221,80.495,35,1.919,82.414,82.414,0.0
222,80.505,92,4.976,85.481,85.481,0.0
223,80.515,89,4.18,84.695,84.695,0.0
224,80.575,81,5.398,85.973,85.973,0.0
225,80.61,92,3.45,84.06,84.06,0.0
227,80.995,84,8.475,89.47,89.47,0.0
228,81.24,48,0.893,82.133,82.133,0.0
229,81.72,24,0.435,82.155,82.155,0.0
226,81.788,81,11.199,91.899,92.987,1.088
230,81.83,78,6.37,88.2,88.2,0.0
231,81.895,72,4.031,85.926,85.926,0.0
232,82.065,21,2.319,84.384,84.384,0.0
233,83.766,51,2.33,84.595,86.096,1.501
234,85.02,15,0.522,85.542,85.542,0.0
235,85.075,86,5.701,90.776,90.776,0.0
236,85.15,53,3.531,88.681,88.681,0.0
237,85.27,64,6.667,91.937,91.937,0.0
238,85.31,16,4.101,89.411,89.411,0.0
239,85.35,69,0.375,85.725,85.725,0.0
240,85.675,87,2.072,87.747,87.747,0.0
241,85.705,9,3.436,89.141,89.141,0.0
242,85.76,81,2.108,87.868,87.868,0.0
243,85.815,58,7.283,93.098,93.098,0.0
244,86.125,44,5.556,91.681,91.681,0.0
245,86.305,44,5.004,91.309,91.309,0.0
246,87.02,72,1.781,88.801,88.801,0.0
247,87.535,50,0.982,88.517,88.517,0.0
248,88.005,85,8.137,96.142,96.142,0.0
249,90.05,17,1.07,91.12,91.12,0.0
250,90.19,35,4.602,94.792,94.792,0.0
251,90.295,55,3.553,93.848,93.848,0.0
252,90.315,98,3.806,94.121,94.121,0.0
253,90.5,71,3.743,94.243,94.243,0.0
254,90.53,60,9.663,100.193,100.193,0.0
255,90.56,22,7.086,97.646,97.646,0.0
256,90.565,75,3.137,93.702,93.702,0.0
257,90.825,14,7.323,98.148,98.148,0.0
258,90.87,87,6.397,97.267,97.267,0.0
259,90.905,61,2.116,93.021,93.021,0.0
260,91.09,5,2.215,93.305,93.305,0.0
261,91.225,44,2.022,93.247,93.247,0.0
263,91.79,15,2.983,94.773,94.773,0.0
262,91.937,98,5.263,96.558,97.2,0.642
264,92.05,67,3.487,95.537,95.537,0.0
265,93.1,3,1.743,94.843,94.843,0.0
266,95.025,43,5.854,100.879,100.879,0.0
267,95.075,54,0.889,95.964,95.964,0.0
268,96.135,54,3.186,99.321,99.321,0.0
269,96.755,5,1.674,98.429,98.429,0.0
270,97.43,65,2.548,99.978,99.978,0.0
271,98.835,92,4.458,103.293,103.293,0.0
272,100.185,56,5.961,106.146,106.146,0.0
273,100.475,77,5.349,105.824,105.824,0.0
274,100.68,47,8.086,108.766,108.766,0.0
275,101.185,58,0.411,101.596,101.596,0.0
276,104.785,11,2.947,107.732,107.732,0.0
277,105.155,11,1.981,107.136,107.136,0.0
278,105.27,26,1.759,107.029,107.029,0.0
279,105.73,6,7.57,113.3,113.3,0.0
280,105.975,59,14.568,120.543,120.543,0.0
281,106.035,22,1.214,107.249,107.249,0.0
282,106.095,58,0.886,106.981,106.981,0.0
283,106.17,86,0.716,106.886,106.886,0.0
284,106.58,38,2.766,109.346,109.346,0.0
285,107.24,25,7.523,114.763,114.763,0.0
286,108.5,99,2.537,111.037,111.037,0.0
287,110.115,86,1.147,111.262,111.262,0.0
288,110.36,24,1.447,111.807,111.807,0.0
289,110.73,17,5.183,115.913,115.913,0.0
290,110.76,54,2.874,113.634,113.634,0.0
291,110.805,76,4.329,115.134,115.134,0.0
292,110.87,85,2.375,113.245,113.245,0.0
293,111.05,60,6.275,117.325,117.325,0.0
294,111.065,9,15.623,126.688,126.688,0.0
295,111.57,24,4.264,115.834,115.834,0.0
296,114.2,15,1.751,115.951,115.951,0.0
297,115.02,83,1.837,116.857,116.857,0.0
298,115.145,100,4.463,119.608,119.608,0.0
299,115.92,86,8.318,124.238,124.238,0.0
300,116.325,80,2.776,119.101,119.101,0.0
301,116.4,50,8.831,125.231,125.231,0.0
302,116.465,30,1.467,117.932,117.932,0.0
303,116.555,33,3.601,120.156,120.156,0.0
304,117.475,13,0.527,118.002,118.002,0.0
305,118.115,49,2.052,120.167,120.167,0.0
307,120.02,36,6.225,126.245,126.245,0.0
306,120.02,6,5.257,125.277,125.277,0.0
308,120.185,93,1.019,121.204,121.204,0.0
309,120.215,59,8.646,128.861,128.861,0.0
311,120.335,92,6.806,127.141,127.141,0.0
312,120.35,32,2.699,123.049,123.049,0.0
313,120.37,54,0.296,120.666,120.666,0.0
314,120.515,37,4.331,124.846,124.846,0.0
310,120.543,59,1.826,122.051,122.369,0.318
315,120.645,24,2.41,123.055,123.055,0.0
317,120.765,79,4.766,125.531,125.531,0.0
316,120.765,35,3.822,124.587,124.587,0.0
318,120.78,19,8.274,129.054,129.054,0.0
319,120.79,5,2.574,123.364,123.364,0.0
320,121.02,99,1.479,122.499,122.499,0.0
321,121.11,25,2.521,123.631,123.631,0.0
322,121.395,11,4.242,125.637,125.637,0.0
323,121.575,76,3.441,125.016,125.016,0.0
324,121.625,94,2.146,123.771,123.771,0.0
325,121.725,8,2.545,124.27,124.27,0.0
326,123.015,59,4.297,127.312,127.312,0.0
327,125.03,6,6.294,131.324,131.324,0.0
328,125.06,12,0.865,125.925,125.925,0.0
329,125.3,19,0.848,126.148,126.148,0.0
330,125.415,32,1.076,126.491,126.491,0.0
331,125.53,68,6.018,131.548,131.548,0.0
332,125.535,78,1.849,127.384,127.384,0.0
333,125.695,42,4.375,130.07,130.07,0.0
334,125.75,76,1.518,127.268,127.268,0.0
335,126.165,36,1.922,128.087,128.087,0.0
336,126.3,69,4.549,130.849,130.849,0.0
337,126.685,31,1.683,128.368,128.368,0.0
338,129.15,72,2.215,131.365,131.365,0.0
339,130.23,58,0.846,131.076,131.076,0.0
340,130.495,55,4.536,135.031,135.031,0.0
341,130.855,90,2.767,133.622,133.622,0.0
342,131.105,72,5.237,136.342,136.342,0.0
343,131.145,80,8.672,139.817,139.817,0.0
344,131.275,5,1.165,132.44,132.44,0.0
345,131.995,20,1.661,133.656,133.656,0.0
346,132.175,73,1.067,133.242,133.242,0.0
347,133.335,29,8.146,141.481,141.481,0.0
348,135.06,30,4.419,139.479,139.479,0.0
349,135.215,65,9.593,144.808,144.808,0.0
350,135.27,40,2.563,137.833,137.833,0.0
351,135.425,95,2.835,138.26,138.26,0.0
352,135.53,22,2.953,138.483,138.483,0.0
353,135.955,88,3.13,139.085,139.085,0.0
354,136.195,8,3.692,139.887,139.887,0.0
355,137.035,10,3.213,140.248,140.248,0.0
356,137.755,11,6.028,143.783,143.783,0.0
357,138.22,11,0.868,139.088,139.088,0.0
358,140.615,89,0.562,141.177,141.177,0.0
359,141.395,21,0.765,142.16,142.16,0.0
360,141.665,6,11.545,153.21,153.21,0.0
361,142.265,2,2.064,144.329,144.329,0.0
362,143.84,28,5.763,149.603,149.603,0.0
363,145.09,50,2.716,147.806,147.806,0.0
364,145.125,22,5.939,151.064,151.064,0.0
365,145.155,96,4.016,149.171,149.171,0.0
366,145.345,18,1.727,147.072,147.072,0.0
367,145.38,85,8.77,154.15,154.15,0.0
368,145.495,72,1.685,147.18,147.18,0.0
369,145.56,48,5.664,151.224,151.224,0.0
370,145.605,46,4.852,150.457,150.457,0.0
371,145.775,47,4.478,150.253,150.253,0.0
372,145.875,41,6.595,152.47,152.47,0.0
373,145.965,38,7.187,153.152,153.152,0.0
374,146.4,95,0.629,147.029,147.029,0.0
375,147.73,51,3.611,151.341,151.341,0.0
376,148.47,66,2.941,151.411,151.411,0.0
377,150.035,44,4.319,154.354,154.354,0.0
378,150.055,7,3.421,153.476,153.476,0.0
379,150.055,86,3.929,153.984,153.984,0.0
380,150.155,93,2.253,152.408,152.408,0.0
381,150.17,33,2.361,152.531,152.531,0.0
382,150.175,12,5.477,155.652,155.652,0.0
384,150.21,94,3.345,153.555,153.555,0.0
385,150.37,48,0.597,150.967,150.967,0.0
386,150.395,52,11.184,161.579,161.579,0.0
387,150.46,28,1.142,151.602,151.602,0.0
388,150.485,14,0.37,150.855,150.855,0.0
390,150.565,18,4.885,155.45,155.45,0.0
391,150.72,72,5.835,156.555,156.555,0.0
392,150.8,78,1.684,152.484,152.484,0.0
393,150.95,40,5.96,156.91,156.91,0.0
383,151.064,43,2.127,152.317,153.191,0.874
394,151.095,86,5.171,156.266,156.266,0.0
395,151.125,72,5.422,156.547,156.547,0.0
396,151.411,56,2.269,153.619,153.68,0.061
397,151.515,1,4.183,155.698,155.698,0.0
399,152.07,9,3.537,155.607,155.607,0.0
398,152.408,80,5.346,157.176,157.754,0.578
400,152.68,17,2.312,154.992,154.992,0.0
389,153.191,3,7.212,157.747,160.403,2.656
401,155.0,60,2.734,157.734,157.734,0.0
402,155.13,96,5.641,160.771,160.771,0.0
403,155.525,71,1.469,156.994,156.994,0.0
404,155.805,16,3.914,159.719,159.719,0.0
405,155.925,83,5.288,161.213,161.213,0.0
406,156.095,9,1.375,157.47,157.47,0.0
407,156.13,57,4.849,160.979,160.979,0.0
408,156.315,33,0.657,156.972,156.972,0.0
409,156.385,7,0.362,156.747,156.747,0.0
410,157.22,7,7.715,164.935,164.935,0.0
411,157.335,26,2.473,159.808,159.808,0.0
412,157.585,36,2.245,159.83,159.83,0.0
413,160.015,22,1.376,161.391,161.391,0.0
414,160.085,74,0.83,160.915,160.915,0.0
415,160.15,43,4.389,164.539,164.539,0.0
416,160.285,81,2.228,162.513,162.513,0.0
417,161.31,65,1.64,162.95,162.95,0.0
418,161.89,46,2.234,164.124,164.124,0.0
419,162.93,50,2.688,165.618,165.618,0.0
420,163.32,74,2.883,166.203,166.203,0.0
421,165.2,53,1.969,167.169,167.169,0.0
422,165.265,31,6.582,171.847,171.847,0.0
423,165.27,19,2.538,167.808,167.808,0.0
424,165.27,37,3.695,168.965,168.965,0.0
425,165.46,14,9.727,175.187,175.187,0.0
426,165.8,20,1.425,167.225,167.225,0.0
427,165.885,12,3.243,169.128,169.128,0.0
428,167.0,71,2.068,169.068,169.068,0.0
429,168.03,93,6.829,174.859,174.859,0.0
430,168.15,48,2.685,170.835,170.835,0.0
431,170.0,40,1.118,171.118,171.118,0.0
432,170.02,25,1.286,171.306,171.306,0.0
433,170.035,18,4.537,174.572,174.572,0.0
434,170.075,94,4.472,174.547,174.547,0.0
435,170.095,2,1.38,171.475,171.475,0.0
436,170.14,68,8.658,178.798,178.798,0.0
437,170.195,74,8.004,178.199,178.199,0.0
439,170.265,54,0.519,170.784,170.784,0.0
438,170.265,25,2.677,172.942,172.942,0.0
440,170.27,94,3.101,173.371,173.371,0.0
441,170.35,33,0.582,170.932,170.932,0.0
442,170.37,82,0.691,171.061,171.061,0.0
443,170.38,58,4.422,174.802,174.802,0.0
444,170.525,62,4.753,175.278,175.278,0.0
445,170.695,11,1.656,172.351,172.351,0.0
446,171.16,41,0.105,171.265,171.265,0.0
447,171.855,92,0.997,172.852,172.852,0.0
448,174.33,83,6.676,181.006,181.006,0.0
449,175.035,16,10.073,185.108,185.108,0.0
450,175.045,67,2.02,177.065,177.065,0.0
451,175.105,81,0.744,175.849,175.849,0.0
452,175.13,88,0.526,175.656,175.656,0.0
453,175.55,83,3.813,179.363,179.363,0.0
454,175.685,8,6.646,182.331,182.331,0.0
455,175.84,95,1.216,177.056,177.056,0.0
456,175.84,19,13.528,189.368,189.368,0.0
457,175.9,60,2.738,178.638,178.638,0.0
458,175.98,59,1.231,177.211,177.211,0.0
459,176.285,79,4.439,180.724,180.724,0.0
460,176.32,9,9.644,185.964,185.964,0.0
461,176.425,26,6.699,183.124,183.124,0.0
462,177.56,43,6.081,183.641,183.641,0.0
463,178.005,34,8.566,186.571,186.571,0.0
465,180.065,66,2.971,183.036,183.036,0.0
464,180.065,70,1.397,181.462,181.462,0.0
466,180.425,8,0.958,181.383,181.383,0.0
467,180.435,81,6.534,186.969,186.969,0.0
468,180.6,47,3.074,183.674,183.674,0.0
469,180.66,70,5.174,185.834,185.834,0.0
470,180.795,98,4.388,185.183,185.183,0.0
471,180.86,78,3.034,183.894,183.894,0.0
472,181.18,36,5.256,186.436,186.436,0.0
473,181.405,76,4.745,186.15,186.15,0.0
474,181.945,40,2.142,184.087,184.087,0.0
475,182.065,21,2.279,184.344,184.344,0.0
476,183.325,8,0.692,184.017,184.017,0.0
477,185.03,7,3.182,188.212,188.212,0.0
478,185.04,11,6.063,191.103,191.103,0.0
479,185.055,51,0.587,185.642,185.642,0.0
480,185.2,55,6.452,191.652,191.652,0.0
482,185.255,56,7.939,193.194,193.194,0.0
483,185.585,72,2.932,188.517,188.517,0.0
484,186.25,26,9.448,195.698,195.698,0.0
481,186.436,24,4.895,190.115,191.331,1.216
485,188.24,69,9.594,197.834,197.834,0.0
486,188.525,76,4.013,192.538,192.538,0.0
487,190.045,31,1.134,191.179,191.179,0.0
488,190.22,58,1.973,192.193,192.193,0.0
489,190.225,98,7.564,197.789,197.789,0.0
490,190.62,23,3.602,194.222,194.222,0.0
491,194.95,23,4.017,198.967,198.967,0.0
492,195.1,50,3.99,199.09,199.09,0.0
493,195.25,71,1.789,197.039,197.039,0.0
494,195.68,89,1.512,197.192,197.192,0.0
495,195.765,78,1.163,196.928,196.928,0.0
496,195.91,72,4.842,200.752,200.752,0.0
497,196.065,72,4.862,200.927,200.927,0.0
498,196.175,80,3.097,199.272,199.272,0.0
499,196.225,80,2.614,198.839,198.839,0.0
500,196.315,95,0.778,197.093,197.093,0.0
501,196.78,23,1.179,197.959,197.959,0.0
502,197.335,20,2.937,200.272,200.272,0.0
503,197.95,75,2.367,200.317,200.317,0.0
504,200.33,64,0.905,201.235,201.235,0.0
505,200.37,31,7.192,207.562,207.562,0.0
506,200.575,88,2.278,202.853,202.853,0.0
507,201.025,89,2.302,203.327,203.327,0.0
508,201.255,67,2.773,204.028,204.028,0.0
509,201.43,46,3.312,204.742,204.742,0.0
510,201.49,17,2.891,204.381,204.381,0.0
511,201.965,99,1.301,203.266,203.266,0.0
512,202.565,4,8.067,210.632,210.632,0.0
513,202.66,22,0.741,203.401,203.401,0.0
514,205.03,41,4.585,209.615,209.615,0.0
515,205.065,5,4.234,209.299,209.299,0.0
516,205.12,21,2.472,207.592,207.592,0.0
517,205.17,33,2.01,207.18,207.18,0.0
518,205.17,61,5.148,210.318,210.318,0.0
519,205.18,33,6.475,211.655,211.655,0.0
520,205.24,37,1.555,206.795,206.795,0.0
521,205.31,91,0.858,206.168,206.168,0.0
522,205.31,55,2.368,207.678,207.678,0.0
523,205.345,15,0.65,205.995,205.995,0.0
524,205.48,54,2.398,207.878,207.878,0.0
525,205.56,14,2.704,208.264,208.264,0.0
526,205.62,61,1.843,207.463,207.463,0.0
527,205.645,17,5.7,211.345,211.345,0.0
528,205.84,10,0.247,206.087,206.087,0.0
529,206.035,30,4.065,210.1,210.1,0.0
530,206.38,42,5.498,211.878,211.878,0.0
531,206.425,91,6.947,213.372,213.372,0.0
532,206.56,12,3.349,209.909,209.909,0.0
533,206.83,31,1.049,207.879,207.879,0.0
534,206.92,89,0.88,207.8,207.8,0.0
535,206.955,17,4.089,211.044,211.044,0.0
536,207.04,51,8.483,215.523,215.523,0.0
537,210.08,91,1.556,211.636,211.636,0.0
538,210.1,4,6.028,216.128,216.128,0.0
539,210.115,91,0.391,210.506,210.506,0.0
540,210.13,83,2.53,212.66,212.66,0.0
541,210.135,21,3.986,214.121,214.121,0.0
542,210.24,20,14.474,224.714,224.714,0.0
543,210.27,55,1.014,211.284,211.284,0.0
545,210.31,4,3.16,213.47,213.47,0.0
546,210.39,60,2.022,212.412,212.412,0.0
547,210.395,34,1.499,211.894,211.894,0.0
548,210.43,99,10.082,220.512,220.512,0.0
549,210.485,47,2.417,212.902,212.902,0.0
550,210.495,4,3.323,213.818,213.818,0.0
544,210.506,71,3.387,213.662,213.893,0.231
551,210.56,37,6.29,216.85,216.85,0.0
552,210.59,35,3.335,213.925,213.925,0.0
553,210.7,90,3.819,214.519,214.519,0.0
554,210.745,45,6.373,217.118,217.118,0.0
555,210.965,65,0.675,211.64,211.64,0.0
556,210.98,31,0.923,211.903,211.903,0.0
557,211.16,36,7.655,218.815,218.815,0.0
558,211.38,70,3.15,214.53,214.53,0.0
559,211.495,14,5.356,216.851,216.851,0.0
560,211.545,65,1.361,212.906,212.906,0.0
561,211.93,84,1.316,213.246,213.246,0.0
562,211.985,53,3.915,215.9,215.9,0.0
563,212.135,52,3.585,215.72,215.72,0.0
564,216.52,54,2.184,218.704,218.704,0.0
565,217.66,58,2.992,220.652,220.652,0.0
566,218.95,35,2.972,221.922,221.922,0.0
567,220.51,69,1.828,222.338,222.338,0.0
568,220.545,47,4.354,224.899,224.899,0.0
569,220.92,41,5.041,225.961,225.961,0.0
570,221.13,54,4.778,225.908,225.908,0.0
571,221.465,76,4.992,226.457,226.457,0.0
572,221.72,52,6.525,228.245,228.245,0.0
573,221.77,31,4.722,226.492,226.492,0.0
574,223.755,79,3.649,227.404,227.404,0.0
575,225.07,74,6.757,231.827,231.827,0.0
576,225.285,54,3.623,228.908,228.908,0.0
577,225.305,4,2.247,227.552,227.552,0.0
578,225.39,54,0.287,225.677,225.677,0.0
579,225.675,69,2.429,228.104,228.104,0.0
580,225.94,15,5.182,231.122,231.122,0.0
581,226.14,33,4.382,230.522,230.522,0.0
582,226.39,33,5.637,232.027,232.027,0.0
583,229.485,75,1.394,230.879,230.879,0.0
584,230.04,63,4.367,234.407,234.407,0.0
585,230.08,9,1.853,231.933,231.933,0.0
586,230.085,49,2.627,232.712,232.712,0.0
587,230.09,48,1.967,232.057,232.057,0.0
588,230.12,50,1.353,231.473,231.473,0.0
589,230.14,96,2.232,232.372,232.372,0.0
590,230.235,34,3.536,233.771,233.771,0.0
591,230.245,49,3.53,233.775,233.775,0.0
592,230.27,21,1.738,232.008,232.008,0.0
593,230.32,24,4.941,235.261,235.261,0.0
594,230.37,60,0.221,230.591,230.591,0.0
595,230.455,9,10.824,241.279,241.279,0.0
596,230.475,58,1.281,231.756,231.756,0.0
598,230.62,30,4.224,234.844,234.844,0.0
597,230.62,56,2.946,233.566,233.566,0.0
599,230.73,56,3.42,234.15,234.15,0.0
600,230.93,33,1.422,232.352,232.352,0.0
601,231.01,16,1.677,232.687,232.687,0.0
602,231.22,70,3.98,235.2,235.2,0.0
603,231.26,39,4.87,236.13,236.13,0.0
604,231.375,40,2.304,233.679,233.679,0.0
605,231.875,71,1.659,233.534,233.534,0.0
606,232.25,99,0.352,232.602,232.602,0.0
607,232.715,32,2.667,235.382,235.382,0.0
608,235.01,44,2.31,237.32,237.32,0.0
609,235.04,6,0.72,235.76,235.76,0.0
610,235.215,34,4.282,239.497,239.497,0.0
611,235.31,34,2.176,237.486,237.486,0.0
612,235.575,15,1.149,236.724,236.724,0.0
613,235.645,95,2.728,238.373,238.373,0.0
614,235.8,72,2.977,238.777,238.777,0.0
615,236.1,37,4.286,240.386,240.386,0.0
616,236.33,14,4.909,241.239,241.239,0.0
617,237.22,95,0.649,237.869,237.869,0.0
618,238.945,74,1.395,240.34,240.34,0.0
619,240.045,72,0.761,240.806,240.806,0.0
620,240.085,29,3.502,243.587,243.587,0.0
621,240.205,46,2.92,243.125,243.125,0.0
622,240.47,49,2.234,242.704,242.704,0.0
623,240.56,80,0.353,240.913,240.913,0.0
624,240.685,98,2.685,243.37,243.37,0.0
625,241.505,89,2.207,243.712,243.712,0.0
626,242.28,33,5.242,247.522,247.522,0.0
627,244.06,59,2.646,246.706,246.706,0.0
628,245.02,49,3.867,248.887,248.887,0.0
629,245.03,2,2.124,247.154,247.154,0.0
630,245.05,91,2.305,247.355,247.355,0.0
631,245.055,2,4.053,249.108,249.108,0.0
632,245.105,40,6.771,251.876,251.876,0.0
633,245.145,19,1.704,246.849,246.849,0.0
634,245.355,67,5.346,250.701,250.701,0.0
635,245.38,98,2.348,247.728,247.728,0.0
636,245.39,55,3.158,248.548,248.548,0.0
637,245.455,67,12.149,257.604,257.604,0.0
638,245.46,45,1.524,246.984,246.984,0.0
639,245.485,11,1.866,247.351,247.351,0.0
640,245.52,64,12.129,257.649,257.649,0.0
641,245.575,47,4.466,250.041,250.041,0.0
642,245.605,53,6.776,252.381,252.381,0.0
643,245.945,55,4.467,250.412,250.412,0.0
645,246.76,97,10.034,256.794,256.794,0.0
644,246.849,28,3.606,250.051,250.455,0.404
646,249.105,60,2.976,252.081,252.081,0.0
647,250.09,51,3.813,253.903,253.903,0.0
648,250.15,68,1.058,251.208,251.208,0.0
649,250.225,77,4.299,254.524,254.524,0.0
650,250.575,42,2.027,252.602,252.602,0.0
651,251.395,4,4.83,256.225,256.225,0.0
652,251.455,73,1.44,252.895,252.895,0.0
653,251.745,37,1.685,253.43,253.43,0.0
654,254.18,69,1.967,256.147,256.147,0.0
655,255.245,83,1.601,256.846,256.846,0.0
656,255.375,39,3.877,259.252,259.252,0.0
657,256.695,88,0.279,256.974,256.974,0.0
658,257.25,44,8.39,265.64,265.64,0.0
659,257.415,83,3.608,261.023,261.023,0.0
660,258.325,57,4.933,263.258,263.258,0.0
661,260.005,62,6.265,266.27,266.27,0.0
663,260.01,14,13.915,273.925,273.925,0.0
662,260.01,10,7.758,267.768,267.768,0.0
664,260.055,71,5.739,265.794,265.794,0.0
665,260.06,97,1.319,261.379,261.379,0.0
666,260.085,90,1.594,261.679,261.679,0.0
667,260.135,53,8.111,268.246,268.246,0.0
668,260.14,50,13.612,273.752,273.752,0.0
669,260.17,62,0.64,260.81,260.81,0.0
670,260.19,6,5.581,265.771,265.771,0.0
671,260.21,49,10.355,270.565,270.565,0.0
673,260.295,47,3.01,263.305,263.305,0.0
674,260.375,42,4.91,265.285,265.285,0.0
675,260.455,38,2.656,263.111,263.111,0.0
676,260.475,34,5.988,266.463,266.463,0.0
677,260.625,67,4.312,264.937,264.937,0.0
678,260.73,15,2.473,263.203,263.203,0.0
680,261.32,62,3.777,265.097,265.097,0.0
681,261.33,70,2.335,263.665,263.665,0.0
672,261.379,40,0.403,260.678,261.782,1.104
682,261.51,100,0.482,261.992,261.992,0.0
683,261.7,93,14.019,275.719,275.719,0.0
684,261.782,6,0.785,262.49,262.567,0.077
686,262.38,99,1.744,264.124,264.124,0.0
679,262.567,76,1.618,262.773,264.185,1.412
685,264.185,17,3.48,265.625,267.665,2.04
687,265.01,18,8.313,273.323,273.323,0.0
688,265.065,50,4.77,269.835,269.835,0.0
689,265.12,86,4.09,269.21,269.21,0.0
690,265.145,78,8.354,273.499,273.499,0.0
691,265.16,35,7.059,272.219,272.219,0.0
692,265.2,90,8.497,273.697,273.697,0.0
693,265.225,55,3.853,269.078,269.078,0.0
698,265.425,2,4.673,270.098,270.098,0.0
699,265.445,22,5.578,271.023,271.023,0.0
700,265.505,68,4.724,270.229,270.229,0.0
702,265.705,74,0.827,266.532,266.532,0.0
703,265.71,75,1.499,267.209,267.209,0.0
704,265.83,80,5.129,270.959,270.959,0.0
705,265.955,6,3.06,269.015,269.015,0.0
706,266.02,71,2.416,268.436,268.436,0.0
708,266.115,23,4.546,270.661,270.661,0.0
709,266.215,69,2.953,269.168,269.168,0.0
710,266.255,25,3.405,269.66,269.66,0.0
711,266.315,13,5.767,272.082,272.082,0.0
712,266.38,85,3.837,270.217,270.217,0.0
713,266.43,34,4.746,271.176,271.176,0.0
714,266.435,70,3.376,269.811,269.811,0.0
716,266.885,63,3.642,270.527,270.527,0.0
701,267.665,97,0.969,266.509,268.634,2.125
707,268.634,91,3.908,269.993,272.542,2.549
715,269.21,83,2.863,269.648,272.073,2.425
717,270.17,37,3.539,273.709,273.709,0.0
719,270.45,69,1.055,271.505,271.505,0.0
722,270.875,44,4.351,275.226,275.226,0.0
723,270.93,76,2.963,273.893,273.893,0.0
718,270.959,93,0.503,270.688,271.462,0.774
724,271.02,4,3.927,274.947,274.947,0.0
725,271.215,88,0.88,272.095,272.095,0.0
726,271.35,9,2.986,274.336,274.336,0.0
727,271.355,30,3.474,274.829,274.829,0.0
720,271.462,46,1.104,271.564,272.566,1.002
697,272.073,50,4.448,269.788,276.521,6.733
728,272.219,26,6.219,277.864,278.438,0.574
721,272.566,93,3.039,273.564,275.605,2.041
730,272.62,51,1.413,274.033,274.033,0.0
729,272.62,16,1.554,274.174,274.174,0.0
731,275.02,59,9.878,284.898,284.898,0.0
732,275.35,5,2.572,277.922,277.922,0.0
733,275.36,34,8.665,284.025,284.025,0.0
734,275.465,54,8.362,283.827,283.827,0.0
735,275.575,55,3.597,279.172,279.172,0.0
736,275.58,46,1.441,277.021,277.021,0.0
737,275.655,21,2.542,278.197,278.197,0.0
738,276.22,47,1.18,277.4,277.4,0.0
694,276.521,14,4.705,269.95,281.226,11.276
739,276.68,76,4.182,280.862,280.862,0.0
740,277.0,16,7.234,284.234,284.234,0.0
741,277.085,20,2.39,279.475,279.475,0.0
742,278.285,25,3.448,281.733,281.733,0.0
743,280.01,59,2.629,282.639,282.639,0.0
744,280.14,22,5.247,285.387,285.387,0.0
745,280.165,52,5.313,285.478,285.478,0.0
746,280.245,88,1.859,282.104,282.104,0.0
747,280.405,40,2.031,282.436,282.436,0.0
748,280.415,22,2.731,283.146,283.146,0.0
749,280.905,41,0.963,281.868,281.868,0.0
750,281.055,79,7.062,288.117,288.117,0.0
695,281.226,50,4.723,269.998,285.949,15.951
751,281.23,46,11.009,292.239,292.239,0.0
752,281.3,70,5.963,287.263,287.263,0.0
753,284.405,40,2.668,287.073,287.073,0.0
754,285.37,1,2.819,288.189,288.189,0.0
755,285.485,66,3.701,289.186,289.186,0.0
756,285.56,80,4.471,290.031,290.031,0.0
757,285.65,94,3.09,288.74,288.74,0.0
758,285.7,51,0.62,286.32,286.32,0.0
759,285.765,90,1.582,287.347,287.347,0.0
760,285.845,10,2.016,287.861,287.861,0.0
761,285.88,89,1.236,287.116,287.116,0.0
696,285.949,86,6.474,271.794,292.423,20.629
762,286.08,83,1.441,287.521,287.521,0.0
763,286.18,44,1.982,288.162,288.162,0.0
764,286.29,61,5.938,292.228,292.228,0.0
765,286.295,51,0.768,287.063,287.063,0.0
766,286.705,83,4.7,291.405,291.405,0.0
767,286.805,86,6.775,293.58,293.58,0.0
768,288.045,12,3.343,291.388,291.388,0.0
769,290.005,12,7.058,297.063,297.063,0.0
770,290.085,48,1.254,291.339,291.339,0.0
771,290.2,41,6.068,296.268,296.268,0.0
772,290.37,62,2.922,293.292,293.292,0.0
773,290.54,69,2.358,292.898,292.898,0.0
774,290.73,70,0.548,291.278,291.278,0.0
775,290.795,12,2.352,293.147,293.147,0.0
776,290.8,39,3.855,294.655,294.655,0.0
777,291.08,62,2.449,293.529,293.529,0.0
778,291.2,43,3.343,294.543,294.543,0.0
779,291.21,2,2.99,294.2,294.2,0.0
780,291.375,84,1.929,293.304,293.304,0.0
781,291.71,98,6.932,298.642,298.642,0.0
782,293.72,85,0.477,294.197,294.197,0.0
783,295.085,49,5.69,300.775,300.775,0.0
784,295.32,16,3.142,298.462,298.462,0.0
785,295.535,12,5.963,301.498,301.498,0.0
786,295.585,90,6.21,301.795,301.795,0.0
787,295.92,82,2.447,298.367,298.367,0.0
788,296.005,67,0.981,296.986,296.986,0.0
789,296.295,36,2.343,298.638,298.638,0.0
790,296.355,98,1.121,297.476,297.476,0.0
791,296.585,99,1.043,297.628,297.628,0.0
792,297.42,7,8.381,305.801,305.801,0.0
793,298.245,53,8.942,307.187,307.187,0.0
794,300.025,4,1.019,301.044,301.044,0.0
795,300.75,5,4.121,304.871,304.871,0.0
796,300.765,2,3.987,304.752,304.752,0.0
797,300.775,49,5.633,306.408,306.408,0.0
798,300.78,86,3.122,303.902,303.902,0.0
799,300.985,81,4.861,305.846,305.846,0.0
800,301.225,9,4.196,305.421,305.421,0.0
801,301.385,40,1.832,303.217,303.217,0.0
802,301.395,31,3.434,304.829,304.829,0.0
803,301.41,10,3.064,304.474,304.474,0.0
804,301.43,99,2.294,303.724,303.724,0.0
805,301.605,30,2.98,304.585,304.585,0.0
806,301.86,59,0.626,302.486,302.486,0.0
807,302.5,3,2.616,305.116,305.116,0.0
808,305.24,62,1.565,306.805,306.805,0.0
809,305.31,89,3.644,308.954,308.954,0.0
810,305.475,78,8.39,313.865,313.865,0.0
811,305.62,25,5.215,310.835,310.835,0.0
812,305.675,68,2.41,308.085,308.085,0.0
813,306.045,4,2.742,308.787,308.787,0.0
814,306.05,11,3.011,309.061,309.061,0.0
815,306.14,10,6.813,312.953,312.953,0.0
816,306.28,63,0.551,306.831,306.831,0.0
817,306.845,66,2.71,309.555,309.555,0.0
818,306.98,48,2.363,309.343,309.343,0.0
819,307.155,43,1.906,309.061,309.061,0.0
820,307.58,94,1.134,308.714,308.714,0.0
821,310.04,59,2.727,312.767,312.767,0.0
822,310.045,57,2.197,312.242,312.242,0.0
823,310.065,40,3.146,313.211,313.211,0.0
824,310.07,80,1.577,311.647,311.647,0.0
825,310.105,41,11.053,321.158,321.158,0.0
826,310.27,99,3.706,313.976,313.976,0.0
827,310.34,40,2.247,312.587,312.587,0.0
828,310.415,18,3.202,313.617,313.617,0.0
829,310.48,50,1.025,311.505,311.505,0.0
830,310.5,78,2.605,313.105,313.105,0.0
831,310.51,14,4.959,315.469,315.469,0.0
832,310.62,91,12.264,322.884,322.884,0.0
834,310.85,10,4.824,315.674,315.674,0.0
835,311.04,69,10.682,321.722,321.722,0.0
836,311.07,48,13.925,324.995,324.995,0.0
839,311.615,72,1.18,312.795,312.795,0.0
840,311.79,39,2.768,314.558,314.558,0.0
837,312.242,40,1.481,312.561,313.723,1.162
833,312.587,97,10.632,321.252,323.219,1.967
841,313.27,83,5.881,319.151,319.151,0.0
838,313.723,91,3.246,314.826,316.969,2.143
842,315.275,24,2.644,317.919,317.919,0.0
843,316.92,1,4.567,321.487,321.487,0.0
844,317.1,8,2.122,319.222,319.222,0.0
845,319.1,49,2.649,321.749,321.749,0.0
846,321.045,8,4.624,325.669,325.669,0.0
847,321.22,100,3.85,325.07,325.07,0.0
848,321.27,60,1.993,323.263,323.263,0.0
849,321.29,89,5.647,326.937,326.937,0.0
850,321.38,58,1.848,323.228,323.228,0.0
851,322.29,65,5.46,327.75,327.75,0.0
852,323.465,35,2.189,325.654,325.654,0.0
853,325.215,50,4.065,329.28,329.28,0.0
854,325.52,40,1.62,327.14,327.14,0.0
855,325.725,87,3.575,329.3,329.3,0.0
856,325.9,6,4.648,330.548,330.548,0.0
857,329.83,41,9.27,339.1,339.1,0.0
858,330.015,85,3.275,333.29,333.29,0.0
859,330.095,36,3.178,333.273,333.273,0.0
860,330.19,7,5.126,335.316,335.316,0.0
861,330.2,4,1.798,331.998,331.998,0.0
862,330.215,66,7.152,337.367,337.367,0.0
863,330.245,83,4.436,334.681,334.681,0.0
864,330.32,59,4.479,334.799,334.799,0.0
865,330.385,87,3.922,334.307,334.307,0.0
866,330.415,70,4.14,334.555,334.555,0.0
867,330.57,17,4.065,334.635,334.635,0.0
868,330.62,63,4.518,335.138,335.138,0.0
869,330.725,57,9.518,340.243,340.243,0.0
870,331.01,86,5.876,336.886,336.886,0.0
871,331.325,26,2.104,333.429,333.429,0.0
872,333.03,58,3.484,336.514,336.514,0.0
873,333.345,29,8.289,341.634,341.634,0.0
874,335.07,35,2.441,337.511,337.511,0.0
875,335.22,26,4.025,339.245,339.245,0.0
876,335.23,6,8.95,344.18,344.18,0.0
877,335.82,95,5.127,340.947,340.947,0.0
878,336.21,25,3.783,339.993,339.993,0.0
879,336.325,53,0.303,336.628,336.628,0.0
880,336.505,18,2.006,338.511,338.511,0.0
881,336.645,2,9.196,345.841,345.841,0.0
882,337.05,64,3.866,340.916,340.916,0.0
883,338.44,59,11.008,349.448,349.448,0.0
884,340.025,12,3.986,344.011,344.011,0.0
885,340.06,97,9.742,349.802,349.802,0.0
886,340.1,9,8.145,348.245,348.245,0.0
887,340.11,36,1.754,341.864,341.864,0.0
888,340.12,70,2.937,343.057,343.057,0.0
889,340.12,78,5.083,345.203,345.203,0.0
890,340.125,32,4.2,344.325,344.325,0.0
891,340.205,4,7.913,348.118,348.118,0.0
892,340.225,32,4.377,344.602,344.602,0.0
893,340.23,61,5.807,346.037,346.037,0.0
894,340.245,96,2.323,342.568,342.568,0.0
895,340.25,35,1.622,341.872,341.872,0.0
896,340.27,96,5.684,345.954,345.954,0.0
897,340.285,39,4.941,345.226,345.226,0.0
898,340.31,98,0.667,340.977,340.977,0.0
899,340.325,77,9.301,349.626,349.626,0.0
900,340.43,50,2.002,342.432,342.432,0.0
901,340.59,48,4.765,345.355,345.355,0.0
902,340.81,1,6.722,347.532,347.532,0.0
904,340.945,45,2.878,343.823,343.823,0.0
905,341.395,60,3.192,344.587,344.587,0.0
903,341.634,50,2.717,343.602,344.351,0.749
906,341.93,37,3.616,345.546,345.546,0.0
907,342.685,87,4.271,346.956,346.956,0.0
908,342.925,70,2.587,345.512,345.512,0.0
909,345.175,7,3.058,348.233,348.233,0.0
910,345.325,85,3.448,348.773,348.773,0.0
911,345.595,46,2.639,348.234,348.234,0.0
912,346.58,44,3.048,349.628,349.628,0.0
913,346.665,87,1.816,348.481,348.481,0.0
914,347.235,34,1.171,348.406,348.406,0.0
915,347.45,49,17.568,365.018,365.018,0.0
916,347.87,30,0.396,348.266,348.266,0.0
917,350.075,25,1.514,351.589,351.589,0.0
918,350.415,30,7.031,357.446,357.446,0.0
919,350.76,16,1.778,352.538,352.538,0.0
920,352.52,25,2.01,354.53,354.53,0.0
921,354.23,47,6.245,360.475,360.475,0.0
922,355.025,93,3.929,358.954,358.954,0.0
923,355.04,42,0.745,355.785,355.785,0.0
924,355.095,80,4.168,359.263,359.263,0.0
925,355.13,40,1.374,356.504,356.504,0.0
926,355.17,25,1.688,356.858,356.858,0.0
927,355.175,33,0.953,356.128,356.128,0.0
928,355.32,35,2.5,357.82,357.82,0.0
929,355.45,48,3.325,358.775,358.775,0.0
930,355.46,3,4.031,359.491,359.491,0.0
932,355.745,91,3.609,359.354,359.354,0.0
933,355.755,31,7.21,362.965,362.965,0.0
934,355.785,5,1.514,357.299,357.299,0.0
931,355.785,42,8.231,363.861,364.016,0.155
935,355.85,58,1.772,357.622,357.622,0.0
937,355.97,71,1.427,357.397,357.397,0.0
939,356.115,36,0.411,356.526,356.526,0.0
938,356.128,64,3.266,359.356,359.394,0.038
940,356.225,81,7.154,363.379,363.379,0.0
941,356.505,88,7.174,363.679,363.679,0.0
936,356.858,43,8.061,363.961,364.919,0.958
942,358.685,22,1.003,359.688,359.688,0.0
943,365.0,22,3.502,368.502,368.502,0.0
944,365.005,35,4.917,369.922,369.922,0.0
945,365.015,66,3.345,368.36,368.36,0.0
946,365.035,56,5.966,371.001,371.001,0.0
949,365.04,43,4.071,369.111,369.111,0.0
948,365.04,48,9.8,374.84,374.84,0.0
947,365.04,15,1.619,366.659,366.659,0.0
950,365.045,70,10.429,375.474,375.474,0.0
951,365.045,71,1.017,366.062,366.062,0.0
952,365.06,3,5.435,370.495,370.495,0.0
953,365.075,2,2.811,367.886,367.886,0.0
954,365.08,76,5.464,370.544,370.544,0.0
956,365.095,19,4.64,369.735,369.735,0.0
957,365.125,55,7.492,372.617,372.617,0.0
958,365.15,68,3.024,368.174,368.174,0.0
959,365.195,16,3.017,368.212,368.212,0.0
960,365.275,86,5.377,370.652,370.652,0.0
961,365.29,81,0.549,365.839,365.839,0.0
962,365.32,19,1.414,366.734,366.734,0.0
963,365.335,72,4.846,370.181,370.181,0.0
964,365.34,52,2.722,368.062,368.062,0.0
966,365.435,54,9.137,374.572,374.572,0.0
967,365.465,57,4.6,370.065,370.065,0.0
968,365.48,83,1.659,367.139,367.139,0.0
969,365.545,54,2.576,368.121,368.121,0.0
970,365.605,15,4.923,370.528,370.528,0.0
975,365.839,69,0.561,366.361,366.4,0.039
976,365.87,4,5.202,371.072,371.072,0.0
977,365.88,86,1.453,367.333,367.333,0.0
978,365.9,91,4.359,370.259,370.259,0.0
980,366.4,15,2.863,368.988,369.263,0.275
981,366.5,62,4.764,371.264,371.264,0.0
982,366.64,87,3.317,369.957,369.957,0.0
979,366.659,10,15.579,381.514,382.238,0.724
974,366.734,1,1.741,367.541,368.475,0.934
973,368.062,80,2.317,368.097,370.379,2.282
983,368.265,71,16.636,384.901,384.901,0.0
972,368.36,43,0.954,366.699,369.314,2.615
971,368.475,11,5.641,371.271,374.116,2.845
955,369.314,77,2.316,367.406,371.63,4.224
984,370.04,46,2.81,372.85,372.85,0.0
985,370.13,43,6.939,377.069,377.069,0.0
986,370.215,42,2.498,372.713,372.713,0.0
987,370.255,78,4.694,374.949,374.949,0.0
988,370.825,47,4.531,375.356,375.356,0.0
990,371.375,21,3.694,375.069,375.069,0.0
991,371.565,28,0.679,372.244,372.244,0.0
965,371.63,100,5.97,371.385,377.6,6.215
989,372.713,47,3.812,374.822,376.525,1.703
992,374.34,34,2.54,376.88,376.88,0.0
993,375.025,98,4.87,379.895,379.895,0.0
994,375.055,57,1.311,376.366,376.366,0.0
995,375.075,53,10.385,385.46,385.46,0.0
996,375.2,23,4.966,380.166,380.166,0.0
997,375.225,72,0.867,376.092,376.092,0.0
998,375.235,66,1.541,376.776,376.776,0.0
999,375.275,72,1.444,376.719,376.719,0.0
1000,375.285,27,2.875,378.16,378.16,0.0
1001,375.425,100,4.474,379.899,379.899,0.0
1002,375.575,14,3.669,379.244,379.244,0.0
1004,375.97,99,6.919,382.889,382.889,0.0
1006,376.776,58,3.46,380.185,380.236,0.051
1007,376.83,24,2.695,379.525,379.525,0.0
1003,377.069,85,6.117,381.837,383.186,1.349
1008,377.32,89,3.719,381.039,381.039,0.0
1005,377.6,12,1.941,378.081,379.541,1.46
1009,378.115,87,2.54,380.655,380.655,0.0
1010,380.04,4,5.362,385.402,385.402,0.0
1011,380.07,57,6.533,386.603,386.603,0.0
1012,380.115,28,2.125,382.24,382.24,0.0
1013,380.145,98,3.011,383.156,383.156,0.0
1014,380.15,31,1.787,381.937,381.937,0.0
1015,380.215,69,2.397,382.612,382.612,0.0
1016,380.29,34,1.669,381.959,381.959,0.0
1017,380.455,63,4.501,384.956,384.956,0.0
1018,380.5,20,3.747,384.247,384.247,0.0
1019,380.67,54,5.811,386.481,386.481,0.0
1020,380.68,50,8.668,389.348,389.348,0.0
1021,380.8,53,2.399,383.199,383.199,0.0
1022,380.84,8,7.826,388.666,388.666,0.0
1023,380.895,100,3.429,384.324,384.324,0.0
1024,381.16,21,2.368,383.528,383.528,0.0
1025,381.54,41,1.56,383.1,383.1,0.0
1026,382.375,69,2.068,384.443,384.443,0.0
1027,383.455,56,1.68,385.135,385.135,0.0
1028,385.02,23,1.076,386.096,386.096,0.0
1029,385.05,10,4.07,389.12,389.12,0.0
1030,385.23,77,5.121,390.351,390.351,0.0
1031,385.345,42,5.597,390.942,390.942,0.0
1032,385.49,97,1.217,386.707,386.707,0.0
1033,389.96,35,3.232,393.192,393.192,0.0
1034,395.0,76,6.198,401.198,401.198,0.0
1035,400.0,82,4.782,404.782,404.782,0.0
1036,400.36,18,4.068,404.428,404.428,0.0
1037,400.395,12,2.822,403.217,403.217,0.0
1038,400.925,99,5.961,406.886,406.886,0.0
1039,404.885,34,1.933,406.818,406.818,0.0
1040,405.06,21,4.072,409.132,409.132,0.0
1041,405.075,38,0.309,405.384,405.384,0.0
1042,405.125,14,3.081,408.206,408.206,0.0
1043,408.46,48,3.386,411.846,411.846,0.0
1044,408.605,42,4.717,413.322,413.322,0.0
1045,410.025,48,8.135,418.16,418.16,0.0
1046,410.565,41,1.376,411.941,411.941,0.0
1047,410.67,50,1.378,412.048,412.048,0.0
1048,411.085,16,13.608,424.693,424.693,0.0
1049,411.175,99,0.689,411.864,411.864,0.0
1050,411.305,97,2.751,414.056,414.056,0.0
1051,412.175,66,4.079,416.254,416.254,0.0
1052,412.49,73,7.141,419.631,419.631,0.0
1053,413.01,70,3.644,416.654,416.654,0.0
1054,415.245,83,0.76,416.005,416.005,0.0
1055,415.435,44,4.61,420.045,420.045,0.0
1056,415.605,10,4.399,420.004,420.004,0.0
1057,419.94,18,11.823,431.763,431.763,0.0
1058,420.005,14,4.152,424.157,424.157,0.0
1059,420.205,24,4.039,424.244,424.244,0.0
1060,420.215,35,5.617,425.832,425.832,0.0
1061,420.7,37,3.01,423.71,423.71,0.0
1062,420.72,48,6.949,427.669,427.669,0.0
1063,420.975,29,3.933,424.908,424.908,0.0
1064,421.04,14,1.57,422.61,422.61,0.0
1065,421.225,31,7.375,428.6,428.6,0.0
1066,421.345,8,3.279,424.624,424.624,0.0
1067,421.4,8,5.122,426.522,426.522,0.0
1068,422.775,96,1.989,424.764,424.764,0.0
1069,422.98,100,4.699,427.679,427.679,0.0
1070,425.475,96,1.894,427.369,427.369,0.0
1071,425.515,52,5.48,430.995,430.995,0.0
1072,425.71,99,3.791,429.501,429.501,0.0
1073,425.79,76,10.364,436.154,436.154,0.0
1074,425.875,90,1.683,427.558,427.558,0.0
1075,426.39,33,2.769,429.159,429.159,0.0
1076,427.94,57,3.857,431.797,431.797,0.0
1077,428.47,35,4.557,433.027,433.027,0.0
1078,430.51,6,2.932,433.442,433.442,0.0
1079,430.545,67,4.397,434.942,434.942,0.0
1080,430.92,3,4.106,435.026,435.026,0.0
1081,431.08,3,3.39,434.47,434.47,0.0
1082,431.67,91,6.842,438.512,438.512,0.0
1083,434.43,57,3.471,437.901,437.901,0.0
1084,435.09,97,2.672,437.762,437.762,0.0
1085,435.165,16,7.173,442.338,442.338,0.0
1086,435.17,84,1.614,436.784,436.784,0.0
1087,435.18,34,3.282,438.462,438.462,0.0
1088,435.275,96,9.971,445.246,445.246,0.0
1089,435.42,70,0.449,435.869,435.869,0.0
1090,435.495,46,7.273,442.768,442.768,0.0
1091,435.565,93,5.625,441.19,441.19,0.0
1092,435.85,28,4.753,440.603,440.603,0.0
1093,435.915,37,1.618,437.533,437.533,0.0
1095,436.045,25,3.663,439.708,439.708,0.0
1094,436.154,17,9.362,445.362,445.516,0.154
1096,436.22,5,0.962,437.182,437.182,0.0
1097,436.415,89,2.855,439.27,439.27,0.0
1098,437.32,33,4.273,441.593,441.593,0.0
1099,437.39,29,3.481,440.871,440.871,0.0
1100,437.42,43,3.725,441.145,441.145,0.0
1101,440.355,53,1.593,441.948,441.948,0.0
1102,440.375,13,4.12,444.495,444.495,0.0
1103,440.39,90,10.5,450.89,450.89,0.0
1104,441.05,38,1.337,442.387,442.387,0.0
1105,441.16,80,3.623,444.783,444.783,0.0
1106,442.25,67,3.531,445.781,445.781,0.0
1107,444.13,33,3.401,447.531,447.531,0.0
1108,445.48,65,3.276,448.756,448.756,0.0
1109,445.89,23,2.291,448.181,448.181,0.0
1110,446.28,59,5.18,451.46,451.46,0.0
1111,446.405,97,1.861,448.266,448.266,0.0
1112,446.42,27,3.605,450.025,450.025,0.0
1113,446.505,78,7.226,453.731,453.731,0.0
1114,449.01,50,1.258,450.268,450.268,0.0
1115,450.2,28,9.573,459.773,459.773,0.0
1116,450.535,67,5.651,456.186,456.186,0.0
1117,450.985,28,3.804,454.789,454.789,0.0
1118,451.295,24,3.013,454.308,454.308,0.0
1119,452.01,46,4.207,456.217,456.217,0.0
1120,454.24,30,3.429,457.669,457.669,0.0
1121,455.195,61,6.42,461.615,461.615,0.0
1122,455.34,58,1.785,457.125,457.125,0.0
1123,455.35,57,8.403,463.753,463.753,0.0
1124,455.37,77,6.27,461.64,461.64,0.0
1125,455.58,68,6.569,462.149,462.149,0.0
1126,455.73,11,3.128,458.858,458.858,0.0
1127,455.735,56,0.827,456.562,456.562,0.0
1128,456.265,34,4.541,460.806,460.806,0.0
1129,456.365,65,2.331,458.696,458.696,0.0
1130,456.5,99,2.91,459.41,459.41,0.0
1131,459.18,2,5.009,464.189,464.189,0.0
1132,460.005,71,2.398,462.403,462.403,0.0
1133,460.035,17,1.628,461.663,461.663,0.0
1135,460.055,84,4.024,464.079,464.079,0.0
1136,460.055,34,1.061,461.116,461.116,0.0
1134,460.055,60,10.316,470.371,470.371,0.0
1137,460.08,97,8.653,468.733,468.733,0.0
1138,460.095,37,7.998,468.093,468.093,0.0
1139,460.17,9,2.378,462.548,462.548,0.0
1140,460.185,49,0.302,460.487,460.487,0.0
1141,460.195,38,1.34,461.535,461.535,0.0
1142,460.205,38,0.95,461.155,461.155,0.0
1143,460.24,44,1.57,461.81,461.81,0.0
1144,460.31,95,1.191,461.501,461.501,0.0
1145,460.365,75,6.628,466.993,466.993,0.0
1146,460.385,53,6.215,466.6,466.6,0.0
1147,460.55,30,3.98,464.53,464.53,0.0
1149,460.645,96,3.954,464.599,464.599,0.0
1150,460.685,22,2.684,463.369,463.369,0.0
1151,460.85,74,0.208,461.058,461.058,0.0
1152,460.86,83,1.885,462.745,462.745,0.0
1153,461.02,19,2.669,463.689,463.689,0.0
1154,461.058,51,1.23,462.285,462.288,0.003
1156,461.4,92,2.838,464.238,464.238,0.0
1157,461.58,59,2.229,463.809,463.809,0.0
1158,461.64,62,1.99,463.63,463.63,0.0
1155,461.663,6,1.529,462.764,463.192,0.428
1159,461.92,4,2.749,464.669,464.669,0.0
1148,462.403,18,6.36,466.94,468.763,1.823
1160,463.192,17,3.634,466.259,466.826,0.567
1161,465.295,29,1.519,466.814,466.814,0.0
1162,466.73,64,1.036,467.766,467.766,0.0
1163,469.68,7,1.334,471.014,471.014,0.0
1164,470.01,46,0.959,470.969,470.969,0.0
1165,470.03,97,2.205,472.235,472.235,0.0
1166,470.155,15,9.533,479.688,479.688,0.0
1167,470.3,44,2.3,472.6,472.6,0.0
1168,470.765,9,3.603,474.368,474.368,0.0
1169,470.78,56,5.756,476.536,476.536,0.0
1170,470.905,54,4.116,475.021,475.021,0.0
1171,471.015,1,2.639,473.654,473.654,0.0
1172,471.725,2,4.007,475.732,475.732,0.0
1173,472.59,34,3.457,476.047,476.047,0.0
1174,473.485,56,2.756,476.241,476.241,0.0
1175,475.0,28,0.419,475.419,475.419,0.0
1176,475.015,2,2.103,477.118,477.118,0.0
1177,475.045,13,4.38,479.425,479.425,0.0
1178,475.065,80,0.923,475.988,475.988,0.0
1179,475.095,34,5.374,480.469,480.469,0.0
1180,475.1,34,2.064,477.164,477.164,0.0
1181,475.12,47,4.437,479.557,479.557,0.0
1182,475.16,52,3.111,478.271,478.271,0.0
1183,475.18,12,0.445,475.625,475.625,0.0
1184,475.21,85,8.752,483.962,483.962,0.0
1185,475.405,23,3.536,478.941,478.941,0.0
1186,475.57,5,0.77,476.34,476.34,0.0
1187,475.685,3,8.851,484.536,484.536,0.0
1188,475.775,53,2.4,478.175,478.175,0.0
1190,475.895,39,3.831,479.726,479.726,0.0
1191,475.905,70,4.353,480.258,480.258,0.0
1189,476.047,79,3.838,479.623,479.885,0.262
1192,476.21,5,7.563,483.773,483.773,0.0
1193,476.385,49,3.011,479.396,479.396,0.0
1194,476.875,40,9.445,486.32,486.32,0.0
1195,477.015,71,1.613,478.628,478.628,0.0
1196,477.115,56,3.304,480.419,480.419,0.0
1197,477.37,33,2.583,479.953,479.953,0.0
1198,480.27,92,2.202,482.472,482.472,0.0
1199,480.315,41,2.05,482.365,482.365,0.0
1200,480.89,62,1.906,482.796,482.796,0.0
1201,481.065,29,2.625,483.69,483.69,0.0
1202,481.47,58,2.792,484.262,484.262,0.0
1203,482.015,48,2.833,484.848,484.848,0.0
1204,482.195,12,1.235,483.43,483.43,0.0
1205,483.44,20,3.521,486.961,486.961,0.0
1206,485.06,2,6.473,491.533,491.533,0.0
1207,485.165,99,4.218,489.383,489.383,0.0
1208,485.61,29,11.334,496.944,496.944,0.0
1209,485.72,42,1.716,487.436,487.436,0.0
1210,486.11,88,2.214,488.324,488.324,0.0
1211,486.755,59,2.235,488.99,488.99,0.0
1212,486.86,21,7.382,494.242,494.242,0.0
1213,486.865,30,6.544,493.409,493.409,0.0
1214,488.58,65,3.359,491.939,491.939,0.0
1215,490.48,70,1.841,492.321,492.321,0.0
1217,493.52,48,3.172,496.692,496.692,0.0
1216,493.52,20,6.228,499.748,499.748,0.0
1218,495.85,91,3.644,499.494,499.494,0.0
1219,496.11,18,2.229,498.339,498.339,0.0
1220,497.855,22,3.975,501.83,501.83,0.0
1221,498.86,45,8.343,507.203,507.203,0.0
