0.0,0.0,0.256,0.0,0.0,0.0,0.145,0.156,0.0,0.988,0.472,0.881,1.428,0.007,0.0,0.811,0.011,0.651,0.619,0.0,0.355,0.306,0.0,0.817,0.0,0.777,0.0,0.0,0.739,0.0,0.0,0.991,0.545,0.0,0.0,0.0,0.0,0.0,0.0,0.0,0.0,0.0,0.0,0.0,0.0,0.0,1.514,0.0,1.851,0.0,0.0,0.0,0.279,0.0,1.242,2.178,2.678,1.054,2.821,2.922,0.0,1.023,1.202,0.176,0.0,0.0,1.936,1.897,0.0,3.323,1.5,0.768,0.0,0.927,0.679,0.0,0.0,0.122,0.0,0.0,0.0,0.0,0.0,0.509,0.0,0.73,0.881,0.723,0.0,0.0,0.0,0.0,0.0,0.0,0.0,0.803,0.0,0.0,0.0,0.0,0.0
0.0,0.728,0.72,0.0,0.0,0.0,0.0,0.999,0.569,0.0,0.487,0.94,0.225,0.0,0.993,0.201,0.422,0.0,0.194,0.693,0.222,0.754,0.0,0.694,0.0,0.326,0.0,0.0,0.0,0.995,0.415,0.0,1.279,0.584,0.0,0.0,0.883,0.492,0.0,0.0,0.792,1.777,0.523,0.259,0.0,0.0,0.0,0.0,0.0,0.493,0.0,0.0,0.236,0.942,0.213,0.623,0.0,0.0,0.0,0.0,0.105,0.0,1.83,0.0,1.938,0.0,0.0,0.0,0.0,0.0,0.0,0.0,0.0,0.591,0.0,0.0,0.0,0.687,0.0,0.0,0.0,0.0,0.993,0.364,0.0,0.0,0.691,0.0,0.0,0.092,3.953,0.0,4.909,0.8,0.0,0.0,1.514,0.521,0.642,0.0,0.0
0.0,0.0,0.0,0.0,0.433,0.0,1.584,0.0,0.0,0.0,0.0,0.0,1.938,0.538,0.378,0.0,0.0,0.0,0.835,0.441,0.506,0.0,0.0,0.0,0.0,0.0,0.0,0.0,0.963,0.034,0.476,0.0,0.0,0.0,0.763,1.026,0.195,0.0,0.327,0.781,0.0,0.0,0.848,0.0,0.273,0.0,0.0,0.0,0.0,0.0,0.0,0.591,0.0,0.55,1.128,0.871,0.0,0.96,0.37,0.0,0.267,0.0,0.0,0.846,0.0,0.789,0.0,0.0,0.0,0.525,0.0,0.667,0.0,0.426,0.804,0.083,0.653,0.0,0.0,0.0,0.0,0.0,0.978,0.213,0.0,0.579,0.152,0.23,1.389,0.726,0.0,0.0,0.0,0.901,0.117,0.0,0.0,0.0,0.0,0.724,0.318
0.0,0.988,0.681,0.0,0.0,0.0,0.0,0.0,0.0,0.0,0.972,1.095,0.31,0.0,0.436,0.0,0.559,0.0,1.87,1.246,0.0,0.949,0.005,0.0,0.0,0.0,0.0,0.0,0.0,0.0,0.178,0.0,0.941,0.021,0.934,0.536,0.0,0.0,0.0,1.678,0.607,0.541,0.0,0.328,0.928,0.262,0.0,0.0,0.0,0.609,0.0,0.724,1.203,0.789,0.557,0.747,0.0,0.0,0.0,0.352,2.988,0.336,1.745,0.0,0.0,0.636,0.779,0.636,1.354,0.222,0.0,0.0,0.0,0.308,0.965,0.388,0.0,0.0,0.0,0.0,0.0,0.244,0.802,0.0,0.944,0.525,0.459,0.0,0.0,0.0,0.0,0.603,0.0,0.0,0.0,0.0,0.0,0.743,0.363,0.0,0.0
0.495,0.0,0.0,0.975,2.182,0.39,0.0,0.0,0.994,1.114,1.703,0.0,0.0,0.0,0.0,0.981,1.271,0.12,0.104,0.0,0.0,0.433,0.971,0.168,0.911,0.549,0.0,0.644,0.0,0.267,0.0,0.518,0.543,0.487,0.0,0.0,0.0,0.571,0.889,0.0,0.0,0.0,0.744,0.682,0.0,1.029,0.402,0.471,0.871,0.0,0.879,0.0,0.0,0.425,0.062,0.0,0.0,0.61,0.0,0.0,0.0,0.0,0.0,0.0,0.793,1.205,0.0,0.0,0.183,0.336,0.0,0.41,0.0,0.0,0.0,0.0,0.0,0.752,0.0,0.0,0.341,0.0,0.979,0.779,0.0,0.0,0.565,0.84,0.091,0.0,0.612,0.0,0.0,0.761,0.0,0.0,0.822,0.327,0.089,0.974,0.189
0.995,0.819,1.975,0.814,0.451,0.941,1.269,0.151,0.0,0.0,0.0,0.0,0.0,0.0,0.0,1.366,0.836,0.654,0.0,0.0,0.764,0.0,0.0,0.816,2.109,0.396,0.704,0.0,0.0,0.0,0.0,0.31,0.0,1.146,0.274,0.0,0.0,0.0,1.877,0.0,3.102,0.0,0.0,0.0,0.701,0.0,0.769,1.384,0.0,0.968,0.334,0.935,0.047,0.0,0.0,2.828,0.161,1.595,0.0,0.0,0.891,0.806,0.991,0.739,0.0,0.0,1.921,0.0,2.817,0.0,0.203,0.0,0.0,0.096,1.915,0.0,3.055,0.466,0.725,0.0,0.333,0.0,0.0,0.946,0.161,0.0,0.0,0.0,0.0,0.835,0.079,0.0,0.0,0.0,0.937,0.418,0.0,0.0,0.0,0.759,0.0
0.0,0.641,0.826,0.036,0.0,0.0,0.0,0.329,0.0,0.0,1.447,0.441,0.0,0.0,0.0,0.438,0.807,0.0,0.0,0.0,0.432,0.0,0.0,0.0,0.0,0.0,0.0,0.0,0.0,0.365,0.83,0.08,0.076,0.0,0.0,0.0,0.0,0.487,0.419,2.963,0.733,1.957,0.0,0.0,0.0,0.0,0.0,0.0,0.0,0.0,1.929,0.429,2.002,0.0,0.455,0.0,0.0,0.115,0.0,0.0,0.758,1.077,0.0,0.0,1.949,0.0,1.674,0.477,0.0,0.0,0.679,0.096,0.0,0.0,0.849,0.624,1.284,2.714,0.0,1.701,0.0,0.0,0.0,0.0,0.0,0.0,0.0,0.536,0.68,0.0,0.903,0.889,0.964,0.409,0.275,0.0,0.465,0.0,0.0,1.068,0.0
0.387,0.0,0.925,0.0,0.0,0.0,0.0,0.0,0.0,0.0,0.0,0.0,0.0,1.177,0.292,0.0,1.843,0.072,0.0,0.0,0.0,0.354,0.0,0.381,1.934,1.913,1.808,3.041,0.0,0.0,0.74,0.0,0.0,0.649,0.0,0.858,0.625,0.787,0.0,0.0,0.0,0.0,0.0,0.527,0.0,0.863,0.683,2.144,0.0,1.754,0.0,0.0,0.0,0.0,0.0,0.332,0.405,0.0,0.0,0.0,0.0,0.0,0.0,0.135,0.153,0.922,0.726,0.0,0.0,1.745,1.0,1.717,0.0,3.986,0.808,0.517,0.0,0.0,0.0,0.0,0.843,3.164,0.329,0.983,0.799,0.99,1.193,0.0,0.0,0.995,0.704,0.0,0.0,0.0,1.885,0.582,0.588,0.17,0.0,0.0,0.0
0.635,1.489,0.0,0.0,0.433,1.618,0.0,0.584,0.557,0.0,0.0,0.956,0.65,0.0,0.0,0.0,0.0,0.0,0.39,0.0,0.0,0.0,1.052,0.0,0.464,1.216,0.0,0.0,0.552,0.0,0.0,0.482,0.394,0.0,0.328,0.494,0.555,0.913,0.0,0.0,0.0,0.0,0.0,0.121,1.004,0.0,0.0,0.647,0.0,0.0,0.0,0.0,0.0,0.0,1.968,1.0,0.0,3.57,0.0,0.0,0.843,0.0,0.599,0.0,0.0,0.372,0.0,0.0,0.0,0.0,0.0,0.0,0.0,0.0,0.0,0.0,0.0,0.984,0.0,0.0,0.0,0.736,0.0,0.831,0.173,0.0,0.0,0.0,0.0,0.65,0.14,0.0,0.0,0.293,0.0,0.0,1.263,0.858,0.0,0.0,0.0
0.946,0.416,0.0,0.0,0.0,0.0,0.0,1.506,1.683,0.002,0.0,1.751,0.783,0.453,0.0,0.0,0.527,0.0,0.88,0.894,0.0,0.0,0.0,0.897,0.875,1.814,0.0,0.872,1.914,1.798,0.073,0.737,0.672,0.288,0.921,1.726,0.0,0.0,1.02,0.53,0.0,0.0,0.949,0.233,0.0,0.0,0.0,0.0,0.0,0.0,1.613,0.54,0.922,0.909,0.0,0.441,0.0,0.0,0.152,0.0,0.0,0.311,0.964,0.739,0.0,0.0,0.0,0.0,0.0,0.0,0.886,1.282,0.966,0.0,0.0,0.0,0.312,0.0,0.0,0.95,0.994,0.376,0.0,0.0,0.0,0.782,0.0,0.0,0.0,0.334,0.306,0.0,0.596,0.0,0.0,0.747,0.0,0.901,0.471,2.047,0.02
0.0,1.872,1.0,0.622,3.684,0.328,0.446,1.251,0.0,0.0,1.902,0.1,1.585,0.424,1.373,0.772,0.0,0.0,0.0,0.454,0.0,0.0,0.0,0.0,0.998,0.0,0.0,0.281,0.0,0.883,0.523,0.0,0.906,0.353,0.0,0.0,0.85,0.975,0.0,0.0,0.0,0.0,0.0,0.0,0.0,0.0,0.0,0.0,0.0,0.0,0.689,0.0,0.0,0.0,0.0,0.0,0.0,0.97,0.0,0.414,0.0,1.961,0.204,0.602,0.0,0.0,0.934,0.42,0.937,0.185,0.988,0.024,0.0,0.466,0.0,1.384,0.732,0.744,0.0,0.0,1.859,0.926,1.656,0.0,0.0,0.0,1.829,2.266,0.112,0.557,0.0,0.865,0.165,0.0,0.0,0.0,0.0,0.902,0.934,0.0,0.0
0.61,0.0,0.946,0.001,0.0,0.561,0.385,0.0,0.644,0.0,0.0,0.0,0.0,0.614,0.869,1.848,0.42,1.924,0.0,0.0,0.95,0.36,0.0,0.423,0.803,1.254,0.0,0.0,0.0,0.0,0.291,0.0,0.0,0.935,0.024,1.686,0.046,0.506,0.235,0.0,0.0,0.716,1.554,0.434,0.0,0.0,0.904,2.549,0.783,2.687,0.12,2.687,0.395,1.632,0.0,0.874,0.0,0.753,0.792,0.0,0.0,0.0,1.928,0.0,2.709,0.0,0.0,0.0,0.0,0.0,0.0,0.395,0.0,0.962,0.8,0.0,0.0,0.891,0.525,0.778,1.315,1.016,0.409,0.0,0.0,0.0,0.584,0.318,0.871,0.657,0.0,0.0,0.971,0.134,0.0,0.0,0.0,0.0,0.0,0.0,0.0
0.0,0.0,0.0,0.0,0.604,0.566,0.053,0.0,0.0,0.971,0.108,0.0,0.366,0.0,0.819,0.0,0.0,0.0,0.0,0.949,0.614,0.0,0.0,1.903,0.0,1.876,0.0,0.0,0.31,0.819,0.0,0.582,0.0,0.0,1.161,0.252,0.0,0.0,0.584,0.0,0.0,0.244,0.0,0.35,0.0,0.0,0.0,0.0,0.0,0.0,0.0,0.458,0.509,0.0,1.158,0.311,0.0,0.0,0.36,0.0,0.0,0.0,1.824,0.779,0.0,0.0,0.0,0.0,0.0,0.0,0.0,0.0,0.75,1.383,0.0,0.19,0.719,0.0,0.0,0.0,0.0,0.0,0.0,0.0,0.074,0.217,0.0,0.913,0.0,0.752,0.0,0.0,1.8,0.0,1.444,0.0,0.269,1.031,0.0,0.035,0.0
0.492,0.226,0.973,0.088,0.0,0.379,0.382,0.0,0.0,1.048,0.0,0.0,0.822,0.5,0.271,0.674,0.0,0.0,0.741,1.66,0.202,2.148,0.666,1.112,0.0,0.884,0.108,0.51,0.0,0.266,0.0,0.0,0.0,0.0,0.944,1.209,1.05,0.0,0.0,0.0,0.268,0.0,0.62,0.0,0.0,0.716,0.0,0.0,0.0,0.0,0.411,0.0,1.818,1.126,0.752,0.641,0.182,0.0,0.708,0.0,0.682,0.0,0.949,0.039,0.0,0.0,0.0,0.35,0.0,0.462,0.874,0.0,0.898,0.645,0.611,0.0,0.731,0.248,0.0,1.375,1.893,0.021,0.0,0.0,0.951,1.84,0.146,0.386,0.331,0.68,0.0,1.749,0.331,2.297,0.0,0.0,0.856,0.0,0.0,0.027,0.0
0.659,0.0,0.0,0.0,0.0,1.789,1.966,0.0,1.889,0.0,0.0,0.543,0.716,0.111,0.977,1.177,0.178,0.0,0.0,1.206,0.0,0.0,0.0,0.0,0.0,0.8,1.778,0.843,0.659,0.0,0.348,0.0,0.0,0.0,0.0,0.0,0.0,0.205,0.0,0.887,0.476,0.0,0.0,0.702,0.0,0.372,0.987,0.991,2.585,0.868,0.494,0.826,0.571,0.0,0.0,1.296,0.773,0.136,0.0,0.0,0.497,0.0,0.0,0.0,0.0,0.719,0.086,0.0,0.0,0.0,0.0,0.0,0.0,0.0,0.0,0.0,0.0,0.0,0.887,0.629,0.0,0.0,0.255,0.205,0.0,1.21,0.025,0.0,0.0,0.0,0.0,0.854,0.997,0.931,0.0,0.0,0.194,0.222,0.0,0.0,0.0
0.0,0.0,0.959,0.0,0.0,3.629,0.0,3.353,0.0,1.892,0.42,0.0,0.0,0.0,0.198,0.4,0.0,0.987,1.625,0.0,0.673,0.0,0.0,0.914,0.304,0.987,1.427,2.873,0.542,0.0,0.0,0.354,0.389,0.272,0.101,0.0,0.0,0.0,1.006,0.0,0.0,1.529,1.883,0.0,2.926,0.967,0.224,0.0,0.0,0.997,0.103,0.0,0.112,0.922,0.0,0.0,0.0,0.402,0.605,0.0,0.0,0.0,0.0,0.0,0.0,0.368,0.0,0.0,0.0,1.234,0.63,0.0,0.0,0.0,0.0,1.276,0.834,0.112,0.0,0.0,0.908,1.141,0.25,0.0,0.732,1.316,1.264,0.776,0.0,0.0,0.0,0.0,0.0,0.346,0.925,0.0,0.814,0.0,0.0,0.0,0.0
0.0,0.0,0.21,0.0,0.303,0.808,0.356,0.0,0.0,0.0,0.0,0.0,0.0,0.0,0.0,0.0,0.0,0.817,0.829,0.715,0.0,0.0,0.264,0.833,0.0,0.0,0.943,0.168,0.0,0.0,0.0,0.0,0.0,0.84,1.124,0.532,0.0,0.347,0.0,0.0,0.0,0.0,0.0,0.0,0.0,0.0,0.617,0.892,1.546,0.941,0.0,0.0,0.0,0.0,0.0,0.849,0.186,0.997,1.406,0.0,0.0,0.0,0.0,0.0,0.0,0.0,0.0,0.646,0.0,0.0,0.0,0.207,0.0,0.91,0.0,0.834,0.226,0.0,0.0,0.0,0.0,0.459,0.676,0.48,0.0,0.0,0.064,0.0,0.0,0.0,0.158,1.136,0.406,0.0,0.778,0.0,0.0,0.0,0.0,0.0,0.0
0.0,0.602,0.973,0.168,0.0,0.0,0.0,0.0,0.0,0.353,0.853,0.0,0.0,0.638,0.979,0.506,0.0,0.0,0.0,0.0,0.0,0.243,0.786,0.0,0.0,0.0,0.764,0.31,0.992,0.105,0.0,0.0,0.642,0.0,0.713,0.173,0.0,0.0,0.0,0.879,0.926,0.0,0.0,0.249,0.0,0.0,0.583,1.178,1.242,0.0,0.958,0.0,0.0,0.0,0.89,0.0,0.0,0.0,0.952,0.041,0.0,0.0,0.701,0.0,0.0,0.0,0.0,0.0,0.0,0.0,0.0,0.0,0.0,0.342,0.0,0.694,0.963,0.282,0.964,1.345,0.0,1.82,0.63,0.542,0.0,0.309,0.0,0.0,0.0,0.0,0.0,0.431,0.0,0.0,0.0,0.0,0.843,0.0,0.0,0.0,0.0
1.723,0.0,1.429,0.0,0.517,0.0,1.341,0.003,1.912,0.0,1.633,0.0,0.0,0.0,0.27,0.0,0.93,1.501,0.662,0.0,0.0,0.0,0.0,0.924,0.654,0.496,0.0,1.557,0.893,0.766,0.134,1.294,0.0,0.641,0.687,0.419,0.0,0.278,0.0,0.0,1.811,0.0,2.629,1.65,0.79,0.0,0.479,0.0,0.0,0.0,1.655,0.0,1.973,0.968,1.112,0.05,0.697,0.0,0.0,0.0,0.0,0.0,0.89,0.0,0.516,0.0,0.423,0.0,0.0,0.0,0.0,0.0,0.0,0.0,0.0,1.679,0.845,0.0,0.0,0.622,0.372,0.0,0.698,0.0,0.0,0.287,0.0,0.0,0.0,0.0,0.0,0.871,0.0,0.0,0.158,0.0,0.0,0.0,0.143,0.0,0.0
0.0,0.68,0.916,0.141,0.0,0.403,0.903,0.561,0.0,3.496,2.6,1.656,2.11,0.959,0.176,1.28,0.318,0.706,0.0,0.0,0.0,0.0,0.951,0.239,0.386,0.142,0.0,0.0,0.0,0.0,0.0,0.0,0.987,0.51,0.0,0.0,0.0,0.0,0.0,0.991,1.055,0.0,0.933,0.45,0.579,0.436,0.598,0.9,0.589,0.0,0.0,0.0,0.215,0.696,0.0,0.863,0.0,0.0,0.978,0.322,0.0,0.0,0.0,0.0,0.363,0.375,0.59,0.525,0.0,1.455,0.782,0.819,0.0,0.434,0.809,0.042,0.0,0.0,0.0,0.527,0.457,0.523,0.0,0.49,0.322,0.257,0.0,0.0,0.654,0.0,0.0,0.0,0.0,0.0,0.894,0.422,0.0,0.0,0.0,0.0,0.0
0.0,0.0,0.0,1.073,0.865,0.813,0.0,0.958,0.036,0.138,0.0,0.0,0.0,0.0,0.0,0.0,1.882,2.4,0.0,2.457,0.0,0.0,0.385,0.0,0.0,0.0,0.0,0.0,0.0,0.902,0.924,0.225,0.0,0.0,0.0,0.0,0.761,2.454,0.599,0.458,0.0,0.963,0.014,0.0,0.0,0.4,0.0,0.905,0.0,0.057,0.0,0.372,0.0,0.0,0.0,0.0,0.0,0.176,0.0,0.0,0.0,0.0,0.0,0.571,0.0,0.519,0.783,0.953,0.4,0.0,0.0,0.0,0.0,0.781,0.143,0.0,0.0,0.0,0.701,0.0,0.0,0.983,1.209,0.206,0.0,0.0,0.0,0.0,0.0,0.0,0.0,0.0,0.0,0.0,0.0,0.0,0.0,0.0,0.0,0.794,0.0
0.0,0.0,0.0,0.0,0.0,0.702,0.096,0.644,0.0,1.089,0.0,0.0,0.93,0.441,1.384,1.735,0.0,1.492,0.223,1.834,2.268,0.352,0.617,0.0,0.0,0.0,0.0,0.0,0.657,0.719,0.0,0.711,0.038,0.0,0.0,0.656,0.0,0.0,0.0,0.264,0.197,0.0,0.0,0.375,0.643,0.436,0.0,0.0,0.0,3.094,0.0,2.211,1.473,1.84,0.436,0.0,0.847,0.079,0.0,0.977,0.122,0.0,0.904,2.41,1.0,0.0,3.54,0.336,0.0,0.0,0.551,0.891,0.77,0.0,0.0,0.664,0.94,0.747,0.0,0.0,0.0,0.0,0.0,0.446,0.0,1.827,0.794,0.0,1.316,0.315,0.0,0.0,0.832,0.0,0.32,0.664,0.0,0.0,0.0,0.0,0.0
0.495,0.681,0.0,0.0,0.992,0.15,0.0,0.0,0.0,0.0,0.0,0.93,0.193,0.432,1.739,0.019,0.653,0.0,0.0,0.0,0.0,0.0,0.0,0.364,0.0,0.0,0.0,0.0,0.434,0.0,0.0,0.0,0.0,0.0,0.0,0.0,0.0,0.459,0.456,0.0,0.0,0.634,0.604,0.0,0.0,0.0,0.0,0.0,0.0,0.0,0.0,0.0,0.489,0.0,0.0,0.0,0.0,0.0,1.708,0.517,0.963,0.192,0.0,0.672,1.75,1.279,0.694,0.598,0.0,0.0,0.396,0.0,0.409,0.806,0.0,0.0,0.0,0.634,0.213,0.0,0.0,0.0,0.0,0.0,0.0,0.0,0.0,0.0,0.0,0.313,0.0,0.0,2.342,1.27,2.705,1.655,1.021,0.213,0.101,0.0,0.0
0.0,0.0,0.0,1.605,0.823,0.0,0.313,0.0,1.655,0.461,0.0,0.0,1.818,0.0,1.598,0.274,0.882,0.129,0.0,0.0,0.0,0.0,0.0,0.0,0.0,0.0,0.313,0.0,0.0,0.0,0.0,0.0,0.0,1.437,0.0,0.0,0.0,0.0,0.325,0.0,0.0,0.87,0.125,1.135,0.0,0.767,0.0,0.333,0.0,0.277,0.0,0.878,0.0,0.0,0.0,1.31,0.877,1.311,0.924,0.156,0.0,0.0,0.0,0.0,0.0,1.226,0.635,0.868,0.85,1.44,0.771,0.0,0.0,0.655,0.0,0.0,0.144,1.086,0.133,1.141,0.0,0.0,0.079,0.753,0.713,0.0,0.0,0.522,0.0,1.694,2.982,0.386,2.804,0.445,0.0,0.0,1.511,0.0,0.997,1.09,0.037
0.179,0.0,0.396,0.0,0.0,0.0,0.0,0.5,0.0,0.0,0.229,0.801,0.423,0.0,0.0,0.0,0.725,0.147,0.0,0.276,0.0,0.91,1.723,0.12,1.263,0.0,0.0,0.851,0.0,0.0,0.0,0.0,0.0,0.0,0.903,2.508,0.0,1.441,0.0,0.0,0.0,0.915,0.864,2.949,1.347,3.101,0.785,0.0,0.0,0.839,0.102,0.06,0.0,0.0,0.0,0.0,0.0,0.656,0.052,0.0,0.0,0.292,0.0,0.0,0.0,0.0,0.686,0.0,1.47,0.638,0.0,0.0,1.451,0.26,0.0,0.0,2.191,0.867,1.808,0.209,0.0,0.0,0.0,0.283,2.176,0.046,0.0,0.405,0.0,0.0,0.0,0.904,0.016,0.819,0.509,0.634,0.0,0.0,0.0,0.0,0.0
0.263,0.0,0.0,0.864,3.313,1.616,0.0,0.0,0.0,0.0,0.0,0.0,0.842,0.291,0.0,0.0,0.547,0.14,0.878,0.0,1.316,0.704,0.0,0.0,0.429,0.0,0.962,0.787,0.0,0.0,0.0,0.0,0.0,0.0,1.985,0.0,2.419,0.956,0.317,0.0,0.261,0.0,0.0,0.0,0.0,0.0,0.0,0.609,0.885,0.908,0.594,0.936,0.167,0.0,0.0,0.0,0.712,0.0,2.441,0.909,1.791,0.274,0.425,0.516,0.0,0.0,0.489,0.436,1.295,0.493,0.585,0.466,0.0,0.888,0.926,0.056,0.0,0.0,0.0,0.0,0.0,0.0,0.871,0.938,0.854,0.924,0.341,0.981,0.702,0.0,2.274,0.0,1.701,0.277,0.0,0.0,0.952,1.635,0.558,0.0,0.0
0.861,0.0,0.0,0.0,0.0,0.14,0.0,1.862,0.0,2.072,0.0,0.0,0.0,2.283,0.0,1.865,0.0,0.0,0.0,0.0,0.0,1.086,0.571,0.0,0.0,0.0,0.253,1.146,0.733,0.0,0.723,0.0,0.0,0.191,0.0,0.0,0.0,0.24,1.565,0.69,0.0,1.109,0.0,0.0,0.46,0.0,0.594,0.0,0.53,0.822,0.161,0.187,0.0,0.8,0.0,0.0,0.0,0.0,0.0,0.0,0.0,0.143,0.0,0.0,0.0,0.698,0.0,0.0,2.735,2.452,1.635,1.876,0.0,0.0,0.0,0.0,0.95,0.362,0.828,0.377,0.871,0.646,0.0,1.86,0.0,1.713,0.0,0.0,0.0,0.0,0.893,0.22,0.0,0.817,0.426,0.0,0.108,0.0,0.937,0.301,0.0
0.0,0.969,0.0,0.0,0.479,0.0,0.0,1.557,0.299,0.0,0.0,0.0,0.0,0.935,0.207,0.0,0.0,0.954,0.0,0.0,0.0,0.0,0.132,0.0,0.0,0.936,1.23,0.086,1.415,1.564,0.151,0.0,1.787,0.712,0.0,0.929,1.686,0.038,0.995,0.94,0.0,0.0,0.0,0.615,0.0,0.0,0.0,0.0,0.0,0.0,0.0,0.0,0.97,0.091,0.0,0.0,0.0,0.691,0.201,0.0,0.434,0.0,0.0,0.226,0.0,0.0,0.863,0.899,0.565,0.254,0.0,0.0,0.0,0.0,0.0,0.846,0.0,0.0,0.757,0.0,0.939,0.874,1.207,0.0,1.989,0.0,1.561,0.213,0.406,0.748,0.0,0.0,0.81,0.0,0.0,0.0,0.0,0.0,1.022,0.0,0.0
0.22,0.0,0.0,0.245,0.578,0.0,0.0,0.794,0.138,0.0,0.451,0.0,1.761,0.347,0.821,0.828,0.218,0.363,0.0,0.894,0.935,0.74,0.0,0.0,0.0,0.427,0.0,0.0,0.0,0.0,0.0,2.807,1.03,0.0,3.229,0.0,0.682,1.331,0.852,0.0,0.0,0.741,0.0,2.247,0.0,2.272,0.0,1.116,0.205,0.0,0.0,0.0,0.435,0.0,0.0,1.11,0.0,0.539,0.0,0.0,0.384,0.0,0.355,0.0,0.0,0.0,0.827,0.467,0.299,0.0,0.0,0.0,1.667,1.293,0.15,0.64,1.244,0.0,0.369,0.0,0.0,0.079,0.0,0.812,0.426,0.0,0.0,0.588,1.165,2.279,0.072,0.0,0.0,0.2,0.472,0.0,0.0,0.0,0.0,0.0,0.0
0.0,0.0,0.814,0.255,0.0,0.0,0.0,0.0,0.0,0.0,0.921,1.094,1.81,0.0,2.37,0.812,0.0,0.0,0.03,0.0,2.667,0.185,0.0,1.251,0.932,0.0,0.175,0.0,1.307,0.23,0.0,1.718,0.147,0.0,0.0,0.0,0.985,0.229,0.0,0.238,0.306,0.0,0.0,0.668,1.825,0.0,0.0,0.0,1.437,1.35,0.079,0.269,0.0,0.234,0.369,0.901,0.05,0.0,0.0,0.0,0.0,0.0,0.0,0.0,0.0,0.999,0.301,0.383,0.0,0.0,0.821,0.461,0.0,0.149,1.749,0.873,0.0,0.88,0.903,0.507,0.637,0.0,0.0,0.0,0.0,0.789,0.327,0.0,0.0,0.531,0.0,4.607,0.964,4.469,0.493,0.56,0.625,0.0,0.0,0.662,0.0
0.0,0.828,0.0,0.512,0.0,0.0,0.0,0.0,0.0,0.0,0.0,1.292,0.04,0.0,0.0,0.914,0.169,0.0,0.0,0.0,0.0,0.0,0.0,0.0,0.0,1.079,0.653,0.0,0.0,0.0,0.0,0.0,0.0,0.0,0.41,0.0,0.0,0.0,0.0,0.0,0.342,0.0,0.0,0.094,1.079,0.747,0.265,0.0,0.0,0.0,0.0,0.0,0.0,0.0,0.0,0.0,0.0,0.326,0.0,0.0,0.678,0.0,0.0,0.0,0.0,0.694,0.137,0.76,0.0,0.0,0.539,0.0,0.0,0.345,0.0,0.0,0.0,0.0,0.0,0.0,0.0,0.947,0.081,0.0,0.0,0.821,0.0,0.549,0.0,0.0,1.905,0.0,2.15,1.589,0.284,0.0,0.0,0.0,0.0,0.0,0.0
1.098,0.65,0.298,0.58,0.245,0.584,0.0,0.928,0.94,0.0,0.956,1.71,1.612,1.542,0.085,0.995,1.272,0.896,0.329,0.0,0.764,0.225,0.0,1.352,0.0,0.0,1.919,0.415,1.614,0.0,0.941,2.388,0.779,0.0,0.0,0.0,0.0,0.0,0.465,0.0,0.0,1.393,0.84,0.0,0.0,0.0,0.498,0.0,0.485,0.859,0.356,1.922,0.0,1.597,0.944,0.885,0.0,0.397,0.0,0.0,0.976,0.442,0.0,0.0,0.0,0.854,0.999,0.0,0.0,0.464,0.0,0.0,0.994,0.682,0.224,0.0,0.022,0.0,0.08,0.0,0.899,0.149,0.983,0.349,0.725,0.0,0.0,0.0,1.096,0.941,0.0,1.839,1.486,0.994,0.862,0.612,0.0,0.76,0.0,0.249,0.0
0.0,0.0,0.0,0.0,0.0,0.0,1.98,0.987,1.838,0.0,2.554,0.798,0.0,0.0,1.158,1.03,0.139,0.0,0.0,0.0,0.0,0.624,0.0,0.907,0.0,0.508,0.0,0.0,0.871,0.0,1.905,0.834,1.867,0.923,0.0,0.986,0.804,0.0,0.0,0.0,0.372,0.911,0.21,0.0,0.0,0.0,0.0,0.0,0.978,0.043,0.0,0.0,0.936,0.0,0.489,0.0,0.17,0.0,0.525,1.117,0.912,0.0,0.183,0.0,0.673,1.872,0.749,0.0,0.0,0.0,0.0,0.0,0.0,0.0,0.0,1.099,1.701,0.547,0.0,0.0,0.879,1.751,0.418,0.745,0.386,0.102,0.214,0.0,0.78,0.0,0.0,0.383,0.0,0.0,0.0,0.0,0.0,0.359,0.504,0.437,0.0
0.668,0.0,0.0,1.675,1.686,0.0,2.591,0.993,0.54,0.0,1.271,0.214,0.171,0.0,4.277,4.397,2.649,2.032,0.0,0.557,1.932,0.0,2.241,0.985,1.295,0.205,0.996,0.549,0.0,0.0,0.73,1.583,0.974,0.0,0.897,0.0,0.875,0.267,0.0,0.0,0.0,0.513,0.0,0.0,0.552,0.0,0.0,0.0,0.586,0.0,0.635,0.0,2.728,1.18,3.092,1.338,0.254,2.878,0.668,5.162,0.73,1.762,0.1,0.0,0.0,0.0,0.0,0.0,0.394,0.041,0.0,0.0,0.979,0.218,0.0,0.0,0.775,0.66,0.0,0.0,0.0,0.63,0.319,0.8,0.0,0.0,1.195,0.166,0.0,0.0,0.0,1.927,0.0,1.948,0.664,0.767,0.525,0.285,0.802,1.119,0.0
0.495,0.565,0.376,1.124,0.928,1.618,0.995,0.279,0.056,0.959,0.425,0.0,0.0,0.0,0.0,0.193,0.0,0.92,0.046,0.0,0.725,0.981,1.115,0.872,1.684,1.0,0.96,2.413,1.884,0.238,0.0,0.538,0.0,0.514,0.0,0.0,0.0,0.074,0.0,1.737,0.771,1.516,0.0,0.286,0.81,0.0,0.547,0.0,0.0,0.0,0.749,0.0,0.282,0.0,0.0,0.0,0.0,0.0,0.902,1.65,0.732,0.0,0.627,0.882,0.0,0.0,0.0,0.0,0.452,0.0,0.859,0.181,0.0,0.0,0.0,0.886,0.0,1.551,0.387,1.043,0.236,0.0,0.216,0.422,1.399,0.535,0.925,0.387,0.967,1.072,0.182,0.0,0.0,0.977,0.393,0.0,0.0,0.996,0.132,0.612,0.0
0.0,0.172,0.0,0.0,0.0,0.904,0.383,0.0,0.43,0.075,0.924,2.017,0.0,1.571,0.0,1.776,0.078,0.0,0.0,0.0,0.0,0.664,0.848,0.079,0.0,0.236,0.0,0.952,0.305,1.636,0.0,1.631,1.413,0.302,0.619,0.0,0.0,0.327,0.804,0.326,0.93,0.009,0.227,0.0,0.149,0.0,1.375,0.0,0.917,0.706,0.0,0.0,0.0,0.394,0.0,0.0,0.0,0.0,0.501,0.0,0.91,0.0,0.0,0.0,0.0,1.17,0.633,0.654,0.918,0.046,0.0,0.0,0.903,0.791,0.0,0.0,0.0,0.0,0.0,0.0,0.0,1.781,0.0,1.803,0.0,0.0,1.064,0.0,0.0,0.986,1.092,0.703,0.0,0.0,0.0,0.0,0.0,0.0,0.0,0.0,0.0
0.0,1.809,0.96,0.0,0.319,0.0,0.0,0.922,1.375,0.0,0.0,0.0,0.0,0.0,1.877,0.0,1.941,0.0,0.0,0.0,0.36,0.0,0.0,0.0,1.205,2.246,0.514,1.623,0.0,0.0,0.0,0.0,0.76,0.381,0.0,0.0,1.347,0.392,0.0,2.396,0.0,2.235,0.0,0.041,0.0,0.0,0.805,0.0,0.0,0.354,0.0,0.0,0.0,0.0,0.567,1.91,0.579,1.618,0.399,0.406,0.985,0.011,1.176,0.391,1.425,1.316,0.599,0.718,0.0,1.142,0.0,0.0,0.0,0.0,0.0,0.0,0.0,0.0,0.962,1.561,0.001,0.0,0.0,0.762,0.0,0.593,0.0,1.569,0.0,2.537,0.0,2.083,0.0,0.0,1.443,0.004,0.0,0.384,0.67,0.0,0.0
0.134,0.0,0.0,0.207,0.0,0.0,0.0,0.221,0.0,1.499,0.38,0.189,0.667,0.0,0.0,0.0,0.0,0.645,0.436,0.211,0.0,0.0,0.678,1.64,0.102,0.0,0.0,0.0,0.0,0.0,0.283,0.876,0.182,0.0,0.726,1.023,0.66,0.0,0.0,0.0,0.0,0.0,0.0,0.0,0.0,0.286,0.0,1.068,0.148,0.0,0.734,0.0,0.0,1.05,0.802,0.0,0.0,0.522,0.973,0.373,0.231,0.0,0.477,0.0,0.267,0.0,0.0,0.0,0.248,0.0,0.575,0.0,0.0,1.728,0.0,1.43,0.0,0.123,1.85,0.839,0.0,0.0,0.022,1.961,0.0,1.687,0.27,0.846,0.802,0.0,0.0,0.0,0.95,0.98,0.0,0.504,0.0,0.0,0.854,0.518,0.0
0.96,0.14,0.0,0.0,0.339,0.0,0.835,0.847,0.0,0.0,0.0,0.976,0.565,0.0,0.0,0.0,1.797,0.16,3.532,3.219,0.658,1.551,0.0,1.363,0.0,0.0,0.0,0.0,0.0,0.45,0.0,0.279,0.0,0.998,0.122,0.0,0.0,0.0,0.0,0.0,0.0,0.0,0.403,0.0,0.753,0.0,0.0,0.0,0.915,0.233,0.0,0.0,0.0,0.972,0.189,0.0,1.91,0.202,3.175,1.911,1.815,1.752,2.148,0.77,0.0,0.0,2.801,1.927,1.0,0.957,2.782,1.338,0.0,0.0,0.855,0.48,0.0,0.0,0.906,2.379,0.176,0.506,0.0,0.0,0.0,0.568,0.691,0.0,0.0,0.893,2.259,1.015,0.094,0.096,2.796,0.768,1.726,0.0,0.91,0.128,0.0
0.0,0.079,0.0,0.0,1.11,0.044,0.233,0.0,0.0,0.0,0.481,0.0,0.0,0.955,0.616,0.0,0.992,0.408,0.0,0.0,0.174,0.753,0.377,0.0,0.0,0.522,1.086,0.86,0.424,0.0,1.147,0.338,0.233,0.0,0.0,0.0,0.598,0.0,0.0,0.762,0.0,0.0,0.0,0.595,0.0,0.0,0.0,0.746,0.0,0.0,0.0,0.0,0.0,0.0,0.0,1.264,2.248,1.769,0.397,0.0,0.0,0.0,0.0,0.0,0.0,0.707,0.396,2.107,3.14,0.217,1.255,1.4,0.265,0.996,0.873,0.86,0.0,0.0,0.688,0.314,0.39,0.457,0.0,0.0,0.954,1.259,0.083,0.0,0.0,2.712,0.109,0.908,0.955,0.0,0.0,0.0,0.0,0.864,0.0,0.0,0.0
0.0,0.932,0.0,0.0,0.226,0.0,0.0,0.922,0.0,0.0,0.0,0.0,0.0,0.0,0.0,0.418,0.902,3.055,1.241,2.648,0.769,1.16,0.0,0.0,0.0,0.784,0.0,0.0,0.0,1.358,1.423,0.0,0.974,0.0,0.951,1.02,1.192,0.0,0.061,0.0,0.107,0.303,1.093,1.089,0.032,0.0,0.0,0.0,0.263,0.995,0.313,0.0,0.0,0.0,0.0,0.982,0.743,1.344,0.839,0.586,0.618,0.0,0.0,0.0,0.0,0.859,0.085,0.0,0.428,0.99,0.351,0.0,0.0,0.809,0.0,0.0,0.766,1.387,0.0,0.0,0.0,0.0,0.0,0.0,0.094,1.325,0.0,0.673,0.0,0.261,0.0,0.0,2.728,0.458,1.597,0.846,0.0,0.088,0.0,0.0,0.0
0.472,0.858,0.439,0.0,0.984,0.006,0.659,0.0,0.0,0.0,0.954,0.085,0.0,0.0,1.154,1.165,0.0,0.417,0.958,0.705,0.0,0.0,0.632,0.0,0.865,0.217,1.718,0.113,0.0,0.0,0.0,0.239,0.342,0.0,1.961,0.505,0.0,0.0,0.0,0.415,0.0,0.0,0.0,0.0,0.0,1.104,0.451,0.0,0.301,0.0,0.62,0.0,0.361,0.0,1.32,0.0,0.0,0.962,1.2,0.429,0.0,0.0,0.0,0.0,0.0,1.665,0.0,1.996,0.584,2.561,0.0,0.0,0.671,0.233,0.0,0.359,0.0,0.0,0.0,1.162,1.079,0.429,0.0,0.0,0.0,0.678,0.212,0.0,0.0,0.0,0.0,0.0,0.538,0.0,0.0,0.0,0.0,0.85,0.394,0.302,0.0
0.901,0.359,0.99,0.27,0.0,0.935,0.423,0.0,0.0,0.0,0.0,0.0,0.0,0.801,1.249,2.302,0.0,1.869,0.84,0.0,0.951,0.169,0.512,1.432,1.144,0.0,0.0,0.0,0.0,0.0,0.0,0.0,1.018,0.0,0.33,0.135,0.929,0.142,0.028,0.0,0.0,0.191,0.0,0.0,0.399,0.0,0.0,0.0,0.986,0.82,0.61,0.0,2.743,2.916,0.166,3.68,0.237,0.857,1.559,0.407,1.932,0.0,2.144,0.698,0.0,0.598,0.47,0.56,1.22,0.923,0.0,0.792,0.896,0.0,0.939,0.316,0.0,0.0,0.133,0.0,0.0,0.307,0.936,0.358,0.0,0.0,0.0,0.704,0.0,0.952,0.0,0.0,0.0,0.0,0.989,0.085,0.0,0.0,0.0,0.869,0.0
0.0,0.92,1.07,0.0,0.0,0.0,0.762,0.0,1.923,0.0,2.069,0.0,0.0,0.0,0.0,0.229,0.0,0.0,1.421,0.642,0.563,0.75,0.0,0.086,0.981,1.773,1.477,0.571,0.015,0.0,0.0,0.157,0.087,2.656,0.113,1.766,0.0,0.0,0.0,1.125,0.982,0.122,0.0,0.0,0.0,0.0,0.0,0.0,0.756,0.0,0.0,0.0,0.289,0.0,1.179,0.909,0.0,0.0,0.0,0.0,0.0,0.0,0.201,0.548,0.0,0.523,0.0,0.234,0.0,0.178,0.0,0.474,0.0,0.178,0.276,0.861,0.0,0.0,0.936,0.064,1.195,0.432,0.294,0.0,0.0,0.227,0.0,0.931,0.068,0.0,0.0,0.0,0.0,0.418,0.0,0.0,1.97,1.365,0.503,0.0,0.0
0.0,0.0,0.356,0.0,1.094,0.0,0.0,0.0,0.0,0.038,0.444,0.0,0.0,0.0,0.0,0.0,1.766,0.0,1.858,1.334,0.0,0.984,0.215,0.0,0.857,0.58,0.0,0.0,0.0,0.0,0.0,0.648,0.277,0.81,0.0,0.0,0.0,0.295,0.0,0.0,0.0,0.0,0.965,1.507,0.44,0.0,0.0,0.0,0.0,0.117,0.0,0.0,1.883,0.0,2.314,0.477,0.0,0.0,0.0,0.0,0.0,1.727,1.0,1.0,2.484,3.108,1.361,0.0,0.0,0.0,0.205,0.717,0.0,0.0,0.0,0.0,0.073,0.413,0.0,1.235,0.0,0.282,0.514,0.825,0.194,0.571,0.0,0.224,0.607,1.964,0.0,1.837,1.521,0.84,0.0,0.0,0.0,0.0,0.941,0.0,0.0
0.0,0.941,0.837,0.255,0.0,0.635,0.899,0.754,0.347,0.0,0.0,0.0,0.0,1.441,1.172,0.0,0.0,0.0,0.0,0.0,0.193,0.0,0.315,0.0,0.0,1.809,0.835,0.0,0.852,0.0,0.0,0.0,0.0,0.0,0.0,1.872,0.823,0.355,0.0,0.835,1.13,0.0,0.0,0.0,0.0,0.0,0.208,0.713,0.916,0.702,0.121,0.594,0.328,0.0,0.739,0.538,2.02,0.0,3.914,0.0,3.704,0.0,1.506,0.0,0.0,0.789,0.0,0.0,0.787,1.515,0.239,0.0,1.084,0.889,0.0,0.063,1.41,0.0,0.0,0.0,0.798,0.935,0.0,0.0,0.0,0.0,0.0,1.001,0.945,0.088,0.652,0.965,0.322,1.932,1.521,0.894,0.235,0.0,0.0,0.0,0.0
0.706,0.0,0.0,0.338,0.0,0.0,0.0,0.0,0.757,0.927,0.0,0.0,0.0,0.616,0.0,0.0,0.0,0.0,0.0,0.0,0.0,1.169,1.075,0.0,0.0,0.0,0.0,0.458,0.0,0.0,0.919,0.628,0.0,0.0,0.0,0.0,0.0,0.0,0.0,1.528,1.894,0.791,0.919,0.0,0.885,0.473,0.0,0.807,1.281,0.0,0.0,0.0,0.0,0.998,1.563,0.0,1.38,0.0,0.943,0.758,0.946,0.38,0.0,0.0,0.0,0.0,0.0,3.853,0.389,2.615,0.0,0.0,0.0,0.926,0.517,0.0,0.0,0.0,1.647,0.682,0.0,1.327,0.996,0.5,0.0,0.0,0.0,0.0,0.0,0.0,0.0,0.658,0.431,0.0,2.573,1.089,2.523,0.0,0.538,0.852,0.304
0.0,0.0,0.358,0.0,0.0,0.0,0.974,0.194,0.0,0.274,1.811,0.0,2.143,0.0,0.0,0.0,0.302,2.946,1.661,2.923,2.644,2.093,0.0,0.781,1.5,0.388,0.0,0.0,0.413,0.569,0.0,0.0,0.186,0.169,0.0,1.508,0.115,1.13,0.547,0.414,0.0,0.0,0.0,0.0,0.0,0.0,0.752,0.0,0.491,0.153,0.0,0.892,0.082,1.851,0.887,0.0,2.252,0.0,2.352,0.079,0.0,0.0,0.825,1.214,0.24,0.522,0.0,0.629,1.896,1.228,0.729,0.399,0.892,0.0,0.0,0.0,0.0,0.0,0.911,0.343,2.191,2.18,3.856,1.645,0.721,0.115,0.961,0.0,0.0,2.64,0.447,3.212,0.461,0.617,0.0,0.787,0.486,0.178,0.0,1.282,0.064
0.409,0.746,0.704,0.0,0.659,0.51,1.012,0.775,0.618,1.561,0.064,0.0,0.467,0.0,0.0,0.0,0.353,0.814,0.0,0.0,0.221,0.0,0.0,0.862,0.496,0.357,0.0,0.0,0.0,0.457,0.0,0.0,0.0,0.0,0.0,0.0,0.857,0.0,0.0,0.0,0.868,0.52,0.743,0.0,1.997,0.836,3.766,2.057,0.287,0.0,0.494,0.0,0.701,0.693,0.0,0.0,1.539,0.448,0.097,0.415,0.959,0.0,0.0,0.71,0.343,0.0,0.0,0.0,1.653,0.0,2.11,0.0,0.312,0.974,2.051,0.336,0.0,0.0,0.0,1.691,1.047,0.0,0.0,1.205,0.0,0.0,0.0,1.589,0.637,0.916,0.836,0.0,0.0,0.978,0.281,0.789,0.0,0.184,0.0,0.0,0.0
0.0,0.0,0.198,0.0,0.547,0.83,0.0,0.188,0.0,0.0,0.443,2.424,0.502,0.647,0.0,0.0,0.0,0.0,0.182,1.999,0.056,3.437,0.0,0.0,0.0,0.0,0.0,0.0,0.701,0.0,1.194,0.647,0.799,0.0,0.0,1.162,0.876,0.0,0.933,1.018,0.194,0.99,0.628,0.0,0.0,0.0,0.931,0.865,0.908,2.904,1.306,0.0,2.863,0.0,0.833,0.658,0.0,0.0,0.0,0.0,1.42,0.979,1.789,0.0,0.0,0.0,0.0,0.0,0.632,0.0,0.0,0.0,2.982,0.766,2.256,0.0,0.919,0.0,1.407,0.737,0.0,0.873,0.182,0.0,0.0,0.0,0.0,0.0,0.0,0.0,0.949,0.038,0.972,0.46,0.0,0.0,0.0,0.895,0.597,0.886,0.25
0.0,0.0,0.197,0.0,0.0,0.536,0.915,0.0,0.82,0.552,0.894,1.014,0.925,0.976,0.0,0.0,0.786,0.569,0.0,0.794,0.0,0.728,1.628,1.052,0.328,0.0,0.0,0.0,0.125,0.0,0.0,0.0,0.331,0.0,0.0,0.0,0.0,0.0,0.415,0.0,0.0,0.0,1.574,0.148,0.0,0.0,0.841,1.301,0.0,0.985,0.511,0.0,0.0,0.935,0.732,0.258,0.0,0.0,0.0,0.825,0.0,0.0,0.0,0.629,0.776,0.19,0.0,0.0,0.0,0.0,0.0,0.964,0.044,0.893,0.36,0.0,0.963,0.135,0.0,1.98,0.0,2.613,1.25,0.867,0.0,0.0,0.0,0.379,0.0,0.0,0.0,0.0,0.0,0.978,0.018,0.234,0.0,0.0,0.0,0.0,0.0
1.194,0.361,0.0,0.348,0.288,0.698,0.0,0.0,0.0,0.0,0.0,1.0,0.198,0.0,0.0,1.943,0.0,2.235,0.0,0.0,0.0,0.546,0.0,0.714,0.0,0.923,0.45,0.0,0.961,0.094,0.777,1.144,0.0,1.715,1.301,0.0,0.0,0.149,0.0,0.0,0.832,0.0,0.683,1.118,0.0,0.759,1.8,1.918,1.034,0.0,0.721,0.0,0.092,0.0,0.836,0.713,0.0,0.868,0.194,0.0,0.0,0.0,0.0,0.0,0.0,0.0,0.871,0.0,0.0,0.0,0.0,0.0,0.0,0.0,0.0,0.948,0.0,0.0,0.78,0.0,0.0,0.0,0.0,0.0,0.05,0.66,0.0,0.0,0.0,0.0,0.0,0.0,0.0,0.757,0.0,0.0,0.0,0.999,1.038,0.0,0.0
0.0,0.348,0.0,0.0,0.0,0.0,1.821,0.0,2.429,0.0,0.0,0.0,0.0,0.0,0.438,0.901,0.461,0.0,1.648,0.682,0.0,0.0,0.0,0.0,0.899,0.218,0.0,0.0,1.005,0.0,0.731,0.0,0.0,1.181,0.21,0.0,0.531,0.963,0.091,0.0,0.0,0.411,0.718,0.0,0.395,0.0,1.98,0.205,1.883,0.0,0.907,0.777,0.444,0.0,0.0,0.47,0.474,0.989,0.371,0.0,0.85,1.064,0.903,0.359,0.064,0.0,1.948,0.9,3.789,0.997,0.892,1.632,0.072,0.0,0.0,0.0,0.0,0.0,0.0,0.0,0.914,0.061,0.0,0.0,1.45,1.493,0.0,2.321,0.345,0.0,0.316,0.0,0.0,0.0,0.0,0.0,0.0,0.0,0.0,0.079,0.0
0.0,0.153,0.0,0.0,0.879,1.621,0.291,0.0,0.411,0.0,0.0,0.0,0.0,0.0,1.165,0.0,0.0,0.0,0.532,0.0,0.0,0.0,0.0,0.0,0.472,0.0,0.0,0.0,2.183,0.0,2.154,1.897,0.0,2.518,1.239,3.202,0.318,0.0,0.498,0.0,0.0,0.0,0.0,0.725,0.0,0.0,0.0,0.0,0.0,0.0,0.0,0.0,0.0,0.0,0.0,0.962,1.835,0.175,0.0,0.0,0.0,0.549,0.0,1.898,0.0,2.143,0.0,0.0,0.0,1.529,0.26,0.0,0.0,0.0,0.446,0.0,0.693,0.568,0.0,0.48,0.0,0.0,0.658,0.0,1.242,0.0,0.0,0.0,0.0,0.0,0.0,0.0,0.854,1.449,0.687,0.0,0.0,0.0,0.859,0.0,0.0
0.0,0.0,0.0,0.0,0.0,0.801,0.557,0.0,0.798,0.867,0.428,0.0,3.096,1.177,1.96,0.0,0.529,0.0,0.0,0.637,0.7,0.534,0.809,0.352,0.0,0.907,0.655,0.0,0.0,0.0,0.0,0.0,0.0,0.0,0.564,0.0,2.084,0.0,2.253,0.141,0.276,0.0,1.478,0.185,0.218,0.946,0.11,0.869,0.33,0.916,0.105,0.0,0.531,0.0,0.0,0.942,0.831,0.0,0.0,0.0,0.0,0.0,0.0,1.651,0.229,0.0,0.0,0.74,0.0,0.0,0.172,0.0,0.0,0.089,0.567,0.947,0.401,0.639,0.0,0.0,0.0,0.884,0.021,0.784,0.0,0.0,1.539,0.691,0.0,1.679,0.924,0.352,0.0,0.0,0.878,0.153,1.868,1.065,0.0,0.0,0.0
0.0,0.0,0.0,0.0,0.454,0.0,0.0,0.0,1.182,0.167,0.658,0.0,0.901,1.352,0.398,0.0,0.696,0.0,0.631,0.229,1.372,0.071,0.0,0.0,0.625,0.0,0.0,0.0,0.0,0.0,0.0,0.0,0.0,0.921,0.194,0.0,1.707,0.182,0.455,0.0,0.0,0.166,1.831,1.202,1.861,0.036,0.684,2.259,0.0,2.379,0.0,0.0,0.0,0.902,1.217,1.348,0.361,0.0,1.593,1.048,0.0,2.548,0.517,2.022,0.357,0.0,0.575,1.347,0.87,0.0,0.0,1.123,0.0,0.0,0.295,0.0,0.0,0.0,0.0,0.633,0.0,0.955,0.0,0.0,0.0,0.0,0.0,0.0,0.928,0.058,0.0,0.0,0.0,0.517,0.53,0.503,0.0,0.0,0.278,0.859,0.212
0.442,0.0,0.0,0.643,1.306,1.847,1.449,0.781,0.0,0.0,0.0,1.345,0.226,0.949,0.264,0.0,0.558,0.0,0.0,0.0,0.575,0.0,0.804,1.025,0.033,0.305,0.0,0.0,0.761,0.767,0.0,0.0,0.232,0.0,0.593,0.0,0.0,1.53,0.348,0.0,0.0,0.0,0.0,0.0,0.0,0.0,0.0,0.0,0.0,0.314,0.0,0.0,0.0,0.0,0.0,2.728,0.199,2.468,0.432,2.203,0.0,0.0,0.0,0.636,0.0,0.0,0.826,0.377,0.649,0.38,0.0,0.0,0.0,0.0,0.0,0.0,0.0,0.0,0.043,0.257,0.0,0.0,0.995,1.562,0.546,0.941,0.027,0.362,0.369,0.89,0.494,0.0,0.473,0.0,0.0,0.0,0.349,0.0,0.0,0.0,0.0
0.0,0.879,0.0,0.0,0.0,0.0,0.0,0.0,0.0,1.689,0.465,1.374,0.0,1.743,0.596,0.888,0.622,0.48,0.0,0.603,0.0,1.147,0.866,2.293,0.0,0.0,0.606,0.0,0.0,0.0,0.0,1.072,0.588,1.814,0.103,0.0,0.739,0.212,0.0,1.19,0.455,0.0,0.148,0.95,0.373,0.313,0.0,0.978,0.776,0.323,0.0,0.289,0.0,0.0,0.0,0.838,0.549,0.37,0.0,0.0,0.886,0.596,0.0,0.0,0.0,0.336,0.0,0.518,0.468,0.0,0.0,0.0,0.0,0.951,1.102,0.174,0.0,0.0,0.0,0.0,0.0,0.0,0.479,0.0,0.0,0.0,0.903,1.347,0.0,0.0,0.0,0.0,0.84,1.632,0.104,0.0,0.201,0.0,0.355,0.885,0.372
0.0,0.0,0.0,0.545,0.0,0.0,0.0,0.0,0.0,0.0,0.0,0.859,0.0,0.0,0.175,0.0,0.0,0.917,0.481,0.0,1.802,0.656,0.862,0.226,0.0,1.411,0.586,0.328,0.0,0.0,0.0,0.741,0.86,0.943,0.0,0.449,1.078,2.369,0.0,1.693,0.891,0.414,0.993,1.502,0.082,0.236,2.307,0.0,0.0,1.208,0.0,0.0,0.703,0.0,0.184,0.0,0.355,0.0,0.796,0.0,0.0,3.048,0.267,0.0,0.0,0.0,0.0,0.0,0.0,0.0,0.105,0.498,0.408,0.0,0.0,2.005,1.285,0.0,2.7,0.0,0.0,0.0,0.0,0.46,0.0,0.0,0.0,0.0,2.045,0.046,0.0,0.0,0.0,0.0,0.0,0.0,0.201,0.0,0.798,0.0,0.0
1.968,0.916,2.028,0.0,1.256,0.289,0.0,0.0,0.973,0.237,0.308,0.0,0.0,0.202,4.517,0.801,4.205,0.0,0.887,0.661,0.0,0.0,1.847,2.404,0.295,0.0,0.0,0.0,0.412,0.274,0.0,0.0,0.212,0.0,0.0,0.181,0.0,0.0,0.398,0.125,0.0,0.0,0.0,0.0,0.0,0.0,0.0,0.346,0.0,0.142,0.0,0.0,0.827,0.0,0.0,0.0,0.0,0.773,0.0,0.816,0.0,0.0,0.0,0.0,0.348,0.0,0.0,0.0,2.864,0.279,1.685,0.809,0.0,0.0,0.0,0.0,0.0,1.897,4.47,0.0,1.59,0.0,0.287,0.0,0.0,0.0,0.0,0.0,0.0,0.512,1.338,1.276,0.0,0.0,1.899,0.0,2.106,0.0,0.257,0.0,0.0
0.318,0.0,0.905,0.121,1.165,0.039,0.179,1.759,0.0,1.68,0.0,0.0,0.384,0.0,0.0,0.891,0.0,0.178,0.0,0.474,0.0,0.0,0.0,0.0,0.926,0.578,0.0,1.973,0.0,1.804,0.634,0.0,0.634,0.481,0.0,0.176,0.0,1.348,0.0,0.0,0.0,0.0,1.568,0.165,0.0,0.0,0.0,0.0,0.538,0.0,0.0,0.848,0.103,0.0,2.74,1.0,0.834,3.003,0.115,0.0,0.81,1.461,0.757,0.24,2.361,1.085,1.535,0.0,0.0,0.0,0.0,0.0,0.0,0.0,0.0,0.0,0.0,0.0,1.889,0.0,2.535,1.077,0.512,1.183,0.0,0.0,0.0,0.0,0.0,0.406,0.0,0.0,0.341,0.0,0.0,1.633,1.336,0.458,0.0,0.0,0.0
0.0,0.0,1.346,0.914,0.7,0.0,0.0,0.954,0.03,0.834,0.0,0.751,0.0,1.823,1.272,0.96,0.928,0.649,0.0,0.0,0.664,0.124,0.0,0.0,0.0,0.0,0.246,0.348,0.0,0.0,0.0,0.0,1.071,0.0,1.732,0.995,2.419,0.0,0.0,0.0,0.0,0.745,0.379,0.0,0.685,0.274,0.0,0.753,1.278,0.0,0.518,0.766,0.371,0.0,0.0,0.996,0.092,0.267,0.0,0.0,0.133,1.047,0.683,0.0,0.881,0.103,0.0,0.0,0.0,0.522,0.0,0.0,0.0,0.0,0.0,0.299,0.0,0.927,0.0,0.0,0.0,0.0,0.914,0.975,1.21,0.0,0.0,0.0,0.531,0.0,0.485,0.155,0.0,0.674,0.428,0.0,0.0,0.0,0.0,0.0,0.0
0.0,0.0,0.0,0.254,0.0,0.0,0.0,0.59,0.0,0.0,0.0,1.459,0.157,0.0,0.176,0.84,0.381,0.0,0.027,0.218,0.0,0.288,0.0,0.0,1.371,0.0,0.351,0.0,1.144,0.0,0.283,0.0,0.482,0.0,0.0,2.597,0.514,1.655,0.0,0.0,0.0,1.269,0.317,0.158,0.416,0.0,0.938,1.867,0.321,1.883,0.0,1.404,0.0,0.541,0.0,0.0,1.867,0.949,1.583,2.095,1.08,0.45,0.182,0.224,0.0,0.27,0.0,0.0,0.0,0.976,0.926,0.0,1.66,0.868,0.0,0.0,0.0,0.0,0.0,0.983,0.047,0.396,0.0,0.0,0.0,0.531,0.0,0.0,0.0,1.402,0.0,0.0,0.0,0.281,0.0,0.0,0.937,2.29,0.0,2.649,0.0
0.0,0.782,0.484,0.394,1.525,0.135,0.0,0.0,0.0,0.0,0.0,0.0,0.0,1.978,0.042,0.941,0.0,0.0,0.0,0.0,0.235,0.481,0.0,0.77,1.266,1.138,1.432,0.446,0.0,0.0,0.0,0.933,0.0,0.0,0.821,0.543,0.0,0.956,2.511,1.0,0.0,2.662,0.0,0.635,0.0,0.0,0.0,1.624,0.0,1.316,0.0,0.0,0.0,0.0,0.571,0.114,0.0,0.996,0.93,0.852,0.24,0.0,1.57,0.103,0.0,0.962,0.121,1.64,0.135,0.0,0.0,0.0,1.133,0.0,0.0,2.917,0.581,2.311,0.0,0.0,0.0,0.0,0.0,0.256,0.0,0.526,0.0,0.596,0.0,0.0,0.0,0.0,0.594,0.022,0.0,0.0,0.0,2.213,1.087,0.0,0.0
0.0,0.0,2.708,0.895,1.855,0.0,0.0,0.0,0.986,0.053,0.827,0.0,0.325,0.0,0.0,0.0,0.0,0.0,0.783,0.917,1.848,1.0,0.902,2.871,0.0,0.0,0.735,0.746,0.0,0.101,0.0,0.249,0.0,0.0,0.0,0.865,0.113,0.0,0.438,0.0,0.258,0.0,0.0,0.0,0.0,0.0,0.0,0.0,0.0,0.0,0.0,0.0,0.22,1.371,0.641,0.0,0.0,0.0,0.0,0.989,0.122,0.0,0.0,0.844,0.0,0.0,2.798,1.0,0.0,2.476,0.587,0.917,0.0,0.0,1.01,0.0,1.465,0.216,0.0,1.768,0.0,1.49,0.333,0.0,0.338,0.784,0.686,0.0,0.0,0.0,0.0,0.0,0.0,0.0,0.505,0.0,0.0,0.0,0.636,0.969,0.519
0.384,0.0,0.982,0.467,0.919,1.854,1.381,0.0,0.0,0.969,0.256,0.0,0.313,0.878,0.837,0.0,0.0,0.0,0.0,0.973,0.0,0.496,0.0,0.0,0.0,0.0,0.393,0.749,1.498,0.0,0.0,0.617,0.362,0.0,0.0,0.0,0.958,0.392,0.0,1.068,0.119,0.0,0.0,0.0,0.0,0.0,0.0,0.848,0.0,0.0,0.0,0.777,0.357,0.0,0.0,0.0,0.616,0.0,0.749,1.065,1.636,0.672,0.0,0.0,1.869,0.0,2.084,0.109,0.0,0.824,0.611,1.877,0.589,0.201,0.891,0.68,0.756,0.0,0.0,0.995,0.0,0.0,0.0,0.0,0.426,0.0,0.0,0.0,0.98,1.498,1.151,0.0,0.0,0.0,0.081,0.0,0.0,0.0,0.945,0.0,0.0
0.716,0.0,0.257,0.329,0.0,0.0,0.0,0.963,0.243,0.0,0.0,0.478,0.0,0.068,0.0,0.0,0.0,0.0,0.0,0.0,0.0,0.0,0.0,1.198,0.157,0.783,0.682,0.0,0.992,0.137,0.922,1.173,2.539,0.161,1.915,0.0,0.0,0.917,0.996,0.0,0.0,0.996,1.469,0.659,0.24,0.0,0.0,0.352,0.0,0.394,0.0,0.0,0.0,0.444,0.0,0.0,0.0,1.413,1.748,0.414,0.325,0.0,0.355,0.0,1.685,1.319,0.0,0.0,0.367,0.0,0.0,0.982,1.177,0.041,0.931,0.0,0.0,1.138,0.522,0.261,0.453,0.341,0.0,0.491,0.0,0.0,0.944,0.236,0.0,0.772,0.0,0.912,0.579,0.0,0.326,0.0,0.0,0.0,0.0,0.0,0.0
0.0,1.841,2.437,1.0,4.19,3.341,0.872,2.925,0.854,0.0,0.0,0.812,0.977,0.699,0.0,0.0,0.0,0.0,0.177,0.713,0.733,0.0,0.0,0.0,0.0,0.0,0.0,0.48,0.584,0.965,0.57,0.0,3.029,0.69,0.875,2.095,0.0,2.227,0.886,0.052,0.192,0.336,0.0,0.842,0.0,0.0,0.859,0.103,0.827,0.0,0.0,0.0,1.087,0.039,0.0,0.846,0.0,0.941,0.1,1.903,0.248,0.0,0.0,0.0,0.814,0.939,0.0,0.0,0.0,0.0,0.57,0.0,0.0,0.622,0.357,0.0,0.0,0.0,0.514,0.752,0.85,0.0,0.0,0.0,1.46,0.0,0.621,0.0,0.0,0.0,0.0,0.0,0.0,0.421,0.0,0.0,0.0,1.306,0.824,0.0,0.0
0.0,0.653,0.0,0.479,0.0,0.0,0.924,0.0,0.0,0.0,0.0,0.2,0.0,0.0,0.0,2.986,0.304,1.848,0.0,0.376,0.0,0.0,0.0,0.0,0.0,0.0,0.0,0.0,0.0,0.989,0.517,0.0,0.655,0.99,1.553,0.347,0.508,0.0,0.989,0.107,1.66,1.835,0.417,0.0,0.129,0.0,2.648,1.687,0.0,3.544,0.0,0.0,0.0,0.248,0.0,0.817,1.943,0.0,2.396,0.0,0.609,0.0,0.0,0.0,0.0,0.0,0.0,0.0,0.0,0.0,0.979,0.738,0.0,0.0,0.0,0.971,0.943,1.198,1.31,0.97,0.12,0.0,0.405,0.462,0.581,0.0,0.0,0.857,1.005,0.0,0.0,0.0,0.0,0.0,0.0,1.76,1.313,0.921,0.927,0.789,0.0
0.0,0.0,0.0,0.913,0.869,0.25,0.0,0.0,0.0,0.0,0.0,0.0,0.732,0.0,0.0,1.84,0.0,4.214,0.0,0.0,0.377,0.0,0.0,0.0,0.0,0.0,0.0,0.0,0.0,0.0,0.863,0.822,0.0,0.0,0.256,0.0,0.0,0.849,1.432,0.925,0.0,1.49,2.277,0.957,0.0,0.36,0.583,0.6,0.814,0.454,0.0,0.0,0.949,0.776,0.0,0.655,0.0,0.0,0.0,0.0,0.0,0.0,0.0,0.0,0.0,0.0,0.0,0.0,0.0,0.968,0.311,2.289,1.0,0.0,3.527,3.418,0.912,2.026,0.0,0.0,1.603,0.752,0.0,0.726,0.244,3.615,0.059,2.231,0.0,2.218,1.251,0.195,0.509,0.0,0.0,0.0,0.842,0.249,0.673,0.961,0.145
0.0,0.0,0.0,1.633,0.739,0.629,0.0,0.0,0.0,0.987,0.608,0.0,0.0,0.0,0.579,0.0,0.442,0.0,0.78,0.218,0.0,1.969,0.888,2.668,0.0,0.992,0.783,1.061,0.0,0.0,1.227,0.285,0.0,0.0,0.0,1.344,0.159,0.0,0.0,1.377,0.067,0.268,0.0,0.0,0.0,0.417,0.0,0.93,0.0,0.0,0.0,0.0,0.688,0.0,0.0,0.0,0.891,1.801,0.347,0.706,0.0,0.0,1.33,0.0,1.678,0.751,1.95,1.417,1.085,0.866,0.0,0.0,0.0,0.0,0.0,0.0,0.0,0.0,1.553,1.327,0.0,1.619,5.12,2.697,2.13,3.008,1.674,0.537,0.213,1.05,0.0,1.25,1.349,0.0,0.0,0.334,0.249,0.0,0.918,0.504,0.0
0.813,1.607,0.299,0.0,0.0,0.0,0.0,0.0,0.0,0.0,0.0,0.0,0.0,0.0,0.0,0.954,0.0,0.0,0.0,0.0,0.0,0.0,1.687,2.204,0.0,2.978,1.188,0.389,0.652,0.0,0.0,0.0,0.0,0.993,0.8,0.328,0.0,0.0,0.0,0.0,0.0,0.0,2.82,2.913,3.412,1.946,0.0,0.0,0.0,0.522,2.061,0.0,2.06,0.0,0.0,0.0,0.0,0.0,0.0,0.0,0.987,0.0,0.0,0.97,0.762,0.0,0.0,0.975,1.02,1.419,0.0,0.0,0.0,0.0,0.0,0.0,0.0,0.0,0.971,0.418,0.0,0.176,0.0,0.88,1.185,0.0,0.0,0.0,0.0,0.0,0.455,0.709,0.0,0.0,0.0,0.0,0.0,0.0,0.0,0.0,0.0
0.439,0.999,0.158,0.0,0.0,0.0,0.0,0.0,0.0,0.0,0.549,0.0,0.0,0.0,0.0,0.0,0.0,0.0,0.0,0.0,0.0,0.0,0.0,0.0,0.0,0.0,0.0,1.626,0.203,1.32,1.973,0.773,1.642,0.0,0.0,0.0,0.0,0.0,1.0,1.345,0.0,0.433,0.0,0.982,0.982,0.912,0.753,0.0,0.903,1.382,0.37,0.058,0.0,0.0,0.0,0.986,0.0,0.0,0.983,1.104,0.0,0.0,0.0,0.0,0.0,0.0,0.0,0.245,0.897,0.0,0.0,1.934,0.971,1.967,0.0,0.0,0.0,0.724,0.0,0.0,0.0,0.0,0.55,0.0,0.0,0.0,1.938,0.578,0.194,0.243,0.0,0.0,0.954,0.015,0.0,0.936,0.0,2.68,0.809,2.712,0.0
1.795,0.479,0.0,0.0,0.0,0.207,0.0,0.337,0.0,0.0,0.0,0.0,0.0,0.979,0.857,0.0,0.0,0.0,1.029,0.317,0.837,0.653,1.899,0.0,2.372,0.0,0.757,0.91,0.99,0.0,0.0,0.645,0.0,0.0,0.0,1.303,0.077,0.0,0.0,0.0,0.0,0.931,1.563,0.0,0.0,0.723,0.022,0.0,0.0,0.853,0.0,0.0,0.0,0.0,0.0,0.754,0.0,0.0,1.216,0.539,0.12,0.0,0.0,2.669,0.696,1.794,0.88,0.0,0.0,0.0,0.929,0.081,0.0,0.0,0.0,0.874,1.018,0.0,0.808,0.0,0.251,0.813,0.996,0.23,0.0,0.0,0.0,0.0,0.956,1.048,0.306,0.0,0.592,0.0,0.0,0.0,0.0,0.97,1.031,0.0,0.0
1.981,0.359,1.605,0.0,0.914,0.15,0.0,0.0,0.759,1.467,0.987,0.871,0.0,0.0,0.833,3.542,1.169,0.373,0.0,0.337,0.86,0.728,0.0,0.0,0.101,0.0,0.0,0.0,0.652,1.825,0.0,1.507,0.0,0.0,0.79,0.495,0.864,0.0,0.0,0.0,2.176,0.0,2.717,0.0,0.0,0.0,0.725,0.0,0.0,0.611,0.307,1.838,0.634,0.266,0.777,0.241,1.98,0.0,1.67,0.0,1.702,1.529,0.0,0.0,0.603,0.573,1.571,0.0,0.694,0.094,0.297,0.602,0.0,0.0,0.0,1.14,0.0,0.0,0.265,1.257,0.75,0.0,0.0,0.669,0.898,0.144,0.0,0.0,0.0,0.0,0.0,0.0,0.575,0.581,0.0,1.305,1.159,0.726,1.853,2.205,2.697
0.0,0.0,1.305,0.657,0.938,0.409,0.0,0.0,0.0,0.0,0.0,0.0,0.0,0.4,0.468,0.0,0.729,1.569,0.188,0.0,0.0,0.828,0.0,0.0,0.0,0.0,2.687,0.0,1.84,0.862,1.406,0.284,0.0,0.0,0.0,0.999,0.328,0.793,0.534,0.92,0.626,2.347,0.815,3.023,0.0,0.0,0.0,0.719,0.954,0.487,0.0,2.484,1.236,2.936,0.0,0.712,0.0,0.0,1.339,1.23,1.907,0.449,0.0,0.892,1.252,0.768,0.0,0.0,0.0,0.851,0.365,0.285,0.539,0.0,0.873,0.759,0.0,0.274,0.0,0.0,0.0,0.0,0.609,0.0,0.0,0.0,0.0,0.0,0.0,0.0,0.0,0.0,0.0,0.0,0.0,1.012,0.524,0.696,0.422,0.0,0.0
0.873,0.77,0.0,0.0,0.0,0.0,0.655,0.0,0.539,0.0,1.186,0.225,0.758,2.42,0.378,0.0,0.719,0.852,1.846,0.685,0.242,0.0,0.0,0.0,0.0,0.0,0.0,0.0,0.0,0.783,0.226,1.676,0.475,0.0,0.303,0.298,0.908,1.694,0.0,0.258,0.0,0.237,0.0,0.843,0.257,0.0,0.0,0.429,0.0,0.0,0.0,0.0,0.0,1.781,0.0,1.564,0.0,0.0,0.0,0.061,0.8,0.71,0.339,0.222,0.967,0.0,0.0,0.967,0.153,0.0,1.299,1.616,0.0,0.0,0.0,0.0,0.0,0.571,0.0,0.723,0.56,0.0,0.0,1.506,0.326,0.283,0.0,0.0,0.0,0.884,0.0,0.743,0.0,0.359,0.0,1.397,0.285,0.828,0.0,1.691,0.049
0.656,0.0,1.84,1.122,1.706,0.493,0.0,0.0,0.0,0.0,0.0,0.0,0.0,0.064,1.918,1.007,2.073,0.196,0.0,1.353,0.0,0.0,0.0,0.0,0.0,0.0,0.945,0.012,0.0,0.0,0.0,0.0,0.322,0.378,0.0,0.0,0.0,0.873,0.982,0.235,0.61,0.984,0.476,0.0,0.966,1.746,0.054,0.0,0.0,0.0,0.0,0.0,0.836,0.983,0.625,0.0,0.0,0.24,0.441,0.0,0.0,0.0,0.0,0.97,0.072,1.019,0.802,0.992,1.977,0.272,1.638,0.868,0.298,0.0,0.931,0.093,0.406,0.828,1.755,1.616,1.532,0.656,0.0,0.0,0.0,0.0,0.0,0.0,0.0,0.0,2.085,0.281,0.0,0.0,0.362,0.0,0.299,0.0,0.903,0.697,0.0
0.758,0.376,0.0,0.0,0.281,0.0,0.124,0.989,0.0,0.944,0.622,0.0,0.0,0.0,0.0,1.768,0.702,2.4,0.942,0.513,0.0,0.0,0.0,0.0,0.973,1.093,0.421,0.958,0.299,0.525,0.874,0.0,0.0,0.0,0.0,0.0,0.0,0.0,0.0,0.0,0.174,0.562,0.0,0.0,0.541,0.0,1.633,0.867,0.0,0.988,1.237,0.272,0.0,0.0,0.0,0.677,0.706,0.0,0.0,0.787,0.0,0.109,0.0,0.0,0.909,1.051,0.164,0.0,0.482,0.0,0.0,0.0,0.0,0.485,0.0,0.842,0.109,0.0,0.0,0.561,1.89,0.658,1.799,0.0,0.0,1.302,0.119,0.215,0.085,0.0,0.0,0.0,0.0,0.192,0.0,0.0,0.516,1.683,1.308,0.188,0.0
0.92,0.08,0.0,0.0,0.0,0.0,0.0,0.0,0.561,0.527,0.252,0.0,0.0,0.0,1.53,2.179,0.0,0.999,0.88,0.0,0.0,0.0,0.682,0.0,0.0,0.631,0.0,0.0,1.408,0.0,0.0,1.921,1.759,0.0,0.373,0.0,0.563,0.0,0.0,0.0,0.231,0.0,0.0,1.666,0.44,0.456,0.0,0.109,0.405,0.699,0.845,0.0,0.0,0.0,0.105,0.0,0.0,0.963,0.675,0.0,0.711,0.953,0.412,0.0,0.0,0.0,0.0,0.0,0.0,0.0,0.0,0.587,0.0,0.048,0.0,0.0,0.0,0.865,0.358,0.0,0.0,0.0,0.0,0.0,0.645,0.0,0.0,0.0,0.0,0.0,1.777,0.835,1.538,0.833,0.0,0.0,0.403,0.0,0.0,0.0,0.0
1.33,0.944,0.0,0.0,0.0,0.0,0.0,0.0,0.0,0.739,0.0,0.0,0.413,0.986,0.829,0.655,0.324,0.0,1.048,0.077,0.0,0.0,0.0,0.596,0.686,0.945,1.685,0.786,0.0,0.0,0.0,0.0,0.304,0.805,0.227,0.0,0.996,0.506,0.0,0.0,0.0,0.0,0.0,0.651,0.934,0.724,0.518,0.0,0.985,1.56,0.527,2.44,1.357,2.81,0.0,0.614,0.0,0.0,0.0,0.0,0.0,0.0,0.0,0.552,0.273,0.0,0.0,0.917,0.0,0.567,0.0,1.917,0.0,1.991,0.0,1.958,0.905,4.197,0.339,0.0,0.268,0.0,0.0,0.0,0.0,0.0,0.0,0.0,0.5,0.0,0.0,0.0,0.496,0.0,0.838,0.357,0.957,0.0,0.0,0.0,0.0
0.987,0.0,0.517,0.0,0.0,0.0,0.0,0.0,0.0,0.936,1.399,0.794,0.0,0.271,0.0,3.043,1.201,0.0,2.492,0.263,0.0,1.03,0.0,0.0,0.451,1.921,0.467,0.942,1.328,0.425,0.0,1.127,0.706,0.0,0.0,0.0,0.507,0.0,0.4,0.0,0.0,0.0,0.0,0.226,0.0,0.0,0.0,0.969,0.457,0.0,0.0,0.546,0.436,0.0,0.0,0.0,0.0,0.0,0.0,1.321,2.003,0.936,0.057,0.0,0.506,1.955,0.0,2.562,0.0,0.249,0.0,0.32,0.0,0.0,0.0,0.0,0.0,0.0,0.84,0.302,0.0,0.591,2.197,1.321,1.961,0.215,2.193,0.232,0.0,0.747,1.427,0.0,2.001,0.167,0.0,1.21,1.61,0.842,1.696,0.0,0.0
0.453,1.672,1.498,1.472,0.0,0.633,0.805,0.447,0.0,1.071,0.184,0.726,0.734,1.397,0.0,1.569,0.275,0.0,1.822,0.862,0.0,0.0,0.0,0.0,0.943,1.883,0.278,0.0,0.0,0.0,1.066,1.119,0.0,0.0,0.985,0.025,0.688,0.0,0.0,0.0,0.136,0.467,0.0,0.0,0.0,1.817,0.802,0.0,0.753,0.0,0.07,2.778,3.155,0.759,1.907,0.0,0.0,0.517,0.0,0.728,0.0,0.0,0.0,0.0,0.0,0.0,0.0,0.333,0.0,0.0,0.0,1.105,0.065,0.103,0.0,1.958,0.0,1.907,0.626,0.882,0.567,0.0,0.0,0.0,0.0,0.254,0.253,0.0,0.0,0.707,0.0,0.0,1.975,1.172,3.22,1.0,1.606,0.0,0.0,0.0,0.0
0.0,1.315,0.0,0.0,0.531,0.0,0.0,0.0,0.0,0.0,0.315,1.807,0.317,0.0,0.0,0.0,0.129,0.0,0.515,0.0,0.0,0.472,0.0,0.0,0.312,0.997,0.195,0.0,0.686,0.657,1.098,0.166,0.793,0.0,0.18,0.0,0.0,0.879,0.536,2.675,0.0,1.593,0.499,0.315,0.787,2.552,1.295,0.788,2.438,0.838,1.329,3.135,0.0,1.846,1.367,0.0,0.566,0.0,0.0,0.782,0.0,0.0,0.0,1.493,0.332,0.0,1.4,0.867,0.0,0.629,0.0,0.0,1.214,0.775,0.829,1.757,0.238,0.0,0.328,0.92,0.13,0.686,0.821,0.0,0.0,0.0,0.0,0.993,1.002,1.951,0.0,2.407,0.0,0.0,0.837,0.885,0.0,0.0,0.519,0.0,0.0
0.0,0.0,0.708,1.617,1.281,0.199,0.0,0.0,0.0,0.939,0.753,0.769,0.0,0.0,0.0,0.0,0.967,0.247,2.481,1.003,1.998,0.365,1.747,0.0,1.942,0.782,1.734,0.0,0.0,0.763,1.951,0.544,0.32,0.0,0.069,0.809,0.0,0.97,0.709,0.0,0.443,0.77,0.794,0.107,0.0,0.0,0.0,0.0,0.495,0.0,0.0,0.771,0.0,0.0,0.0,0.922,0.3,1.531,0.801,0.0,0.0,0.0,0.367,0.595,1.27,0.555,0.0,0.0,0.0,0.0,0.916,0.414,0.0,0.204,0.0,0.0,0.0,0.0,1.789,0.492,2.319,0.0,0.0,0.0,0.0,0.0,0.851,0.0,0.0,0.0,1.97,0.0,1.879,0.0,0.0,0.961,0.582,0.996,0.0,0.602,0.0
0.0,0.0,0.0,0.9,0.007,0.0,0.0,0.0,0.0,1.227,0.0,0.0,0.0,0.0,0.0,0.642,0.0,0.0,0.0,0.362,0.0,0.059,0.0,0.342,0.822,0.0,1.528,0.154,1.005,0.34,0.0,0.88,1.012,0.0,0.0,0.0,0.726,0.0,0.0,0.0,0.647,2.266,0.361,1.718,0.571,0.0,0.0,0.0,0.0,0.157,0.0,0.0,0.563,0.408,0.248,0.0,0.0,0.317,1.853,2.759,0.549,2.38,0.552,0.0,0.981,0.161,0.0,0.0,0.0,1.287,0.697,0.0,0.0,0.252,0.849,0.492,1.908,0.0,2.139,0.0,0.576,0.0,0.412,0.371,0.354,0.986,0.563,0.0,0.555,0.883,0.0,0.0,0.0,0.603,0.0,0.753,0.0,0.0,0.541,0.0,0.0
0.454,0.0,2.186,0.48,0.343,0.0,1.804,0.99,2.784,2.716,1.023,3.44,0.0,0.0,0.64,0.976,1.195,0.0,0.899,0.056,0.0,0.0,0.0,0.0,0.0,0.0,0.0,0.0,0.0,0.0,0.655,1.181,0.0,0.411,0.841,0.262,1.537,0.762,2.545,1.491,2.57,0.591,0.261,0.561,0.0,0.38,0.0,1.203,0.577,0.0,0.0,0.27,0.0,0.0,0.0,0.925,0.97,0.345,0.0,0.829,0.445,0.0,0.873,0.473,0.0,0.0,0.0,0.0,0.0,2.148,0.003,0.407,1.176,0.042,0.669,0.901,0.396,1.84,0.0,1.852,0.0,0.0,0.0,0.791,0.618,0.0,0.0,0.0,0.0,0.0,0.0,0.0,0.626,0.0,0.0,1.661,0.147,0.599,0.59,0.847,0.0
0.0,1.297,0.855,0.336,1.68,0.425,0.0,0.383,0.731,0.265,0.0,0.982,1.946,0.824,0.0,0.0,0.0,0.0,0.0,0.0,0.0,0.0,0.0,0.417,1.875,0.159,0.0,0.0,0.436,0.0,0.0,0.332,0.0,0.0,1.875,0.908,2.311,0.0,0.681,0.0,0.641,0.0,0.0,0.0,0.0,0.0,0.899,1.548,0.774,0.275,0.802,0.0,0.0,0.834,0.0,0.163,0.955,0.468,0.0,0.0,0.0,0.0,0.0,0.0,0.0,0.0,0.0,0.998,0.992,0.568,0.0,0.0,1.101,0.356,0.0,0.0,0.0,0.0,0.908,2.103,0.425,1.63,0.761,0.0,0.0,0.0,1.346,0.864,0.0,1.373,0.0,0.0,0.0,0.0,0.0,0.25,0.0,0.984,0.754,0.0,0.0
0.0,0.0,0.0,0.0,0.364,0.0,0.0,0.0,0.799,0.829,0.0,0.236,0.493,0.0,0.0,0.579,1.535,0.234,0.425,0.0,0.911,0.336,1.367,0.113,1.876,1.736,2.235,2.579,0.345,0.0,0.0,0.0,0.0,0.444,0.0,0.0,0.0,0.0,0.0,0.488,0.329,0.0,0.745,0.0,1.05,0.0,0.0,0.0,1.583,3.267,2.145,1.595,0.317,0.0,0.0,0.0,1.24,0.0,0.0,0.0,0.0,0.913,2.073,0.899,0.747,0.01,0.0,0.952,0.617,0.32,0.0,0.0,0.0,0.0,0.0,1.286,0.0,0.0,0.202,0.832,0.0,0.0,0.0,0.0,0.0,0.0,0.0,0.942,0.228,0.0,0.425,0.0,0.0,0.94,1.436,0.315,0.0,0.998,0.566,0.981,0.043
0.0,0.0,0.748,0.665,0.0,0.57,0.0,0.0,0.675,0.408,0.0,0.761,0.0,0.993,0.484,0.162,0.0,1.715,0.784,0.0,0.889,2.411,0.937,0.0,0.868,0.331,0.0,0.556,0.0,0.837,0.485,0.61,0.412,0.681,0.239,0.0,0.0,0.0,0.0,0.0,0.211,0.65,0.0,0.909,0.33,0.0,0.918,0.851,0.0,0.346,0.0,0.951,0.234,0.0,0.0,1.336,1.13,0.956,0.0,0.0,2.345,1.614,0.0,0.152,0.0,0.0,0.312,0.938,0.0,0.737,0.986,0.453,0.0,0.0,0.0,0.0,0.0,0.0,0.0,0.0,0.04,0.0,0.0,0.93,0.153,1.181,0.4,0.911,0.228,0.0,0.0,0.0,0.0,0.939,0.292,0.0,0.0,1.932,0.0,2.154,0.0
0.0,0.0,0.0,0.0,0.0,0.0,0.0,0.0,2.492,0.99,1.568,0.0,0.0,0.0,0.688,0.0,0.0,0.0,0.911,0.0,0.0,0.0,0.0,0.0,0.0,0.0,0.0,0.0,0.0,0.0,0.0,0.0,0.862,0.0,0.969,0.478,0.0,0.0,1.018,0.696,0.868,0.0,0.331,0.412,0.0,1.803,1.0,0.202,3.548,0.238,0.0,0.0,0.021,0.0,0.0,0.462,0.282,0.0,0.0,0.52,0.0,0.544,0.395,0.588,0.803,0.0,0.0,0.729,0.0,0.0,0.0,0.868,0.185,0.0,0.0,0.216,0.0,1.09,2.519,0.803,0.0,0.0,1.941,1.662,0.0,2.775,0.0,0.0,0.0,0.888,2.17,0.0,1.816,0.0,0.194,0.901,0.534,0.937,0.024,0.0,0.0
0.0,0.0,1.429,0.0,0.56,0.577,0.588,0.0,0.0,0.0,0.0,0.869,0.005,0.0,0.0,0.0,0.921,0.0,0.382,0.0,0.0,0.335,0.0,0.855,0.026,0.0,0.0,0.387,0.0,0.0,0.0,0.0,0.0,0.0,0.0,0.0,0.0,0.0,0.0,0.0,0.0,0.122,0.485,0.0,0.0,0.892,0.09,0.0,1.521,1.219,0.571,1.92,0.0,1.57,0.262,0.0,0.0,0.0,0.0,0.9,0.692,0.0,0.0,0.0,0.165,0.0,2.441,0.274,1.429,0.897,0.196,0.0,0.0,0.0,0.0,0.289,0.0,0.998,1.15,0.0,0.0,0.0,0.0,1.143,0.07,0.763,1.517,0.378,0.0,0.0,0.0,0.576,0.948,0.461,0.0,0.076,0.937,1.726,1.081,1.263,0.0
0.0,0.708,0.554,0.982,0.377,0.0,0.0,0.0,0.893,0.417,0.0,0.0,0.0,0.0,0.673,2.063,0.595,0.765,0.0,0.098,0.482,0.976,0.463,0.0,0.935,1.737,0.64,0.0,0.452,0.0,0.0,0.0,0.709,0.0,0.0,0.0,0.0,0.0,0.0,0.0,0.0,0.0,0.917,0.0,0.0,0.348,0.0,0.0,0.721,1.301,0.0,0.0,0.0,0.889,1.436,0.035,0.633,0.423,1.183,0.0,0.0,1.76,0.795,0.0,0.0,0.694,0.0,1.869,1.189,0.0,0.0,0.0,0.834,1.866,0.82,0.0,0.0,0.036,1.184,0.237,0.73,0.645,0.0,0.51,0.0,0.8,0.139,0.983,0.17,0.932,0.07,0.0,0.0,0.899,0.0,0.0,0.0,0.842,0.0,0.0,0.0
0.0,0.922,2.685,0.324,0.0,0.512,0.0,0.0,0.354,0.0,0.963,2.329,1.0,1.0,0.685,4.647,0.981,0.338,0.0,0.0,0.0,0.882,0.121,0.0,0.0,0.0,0.163,0.0,0.0,2.695,0.755,1.714,0.087,0.0,1.608,0.339,0.809,0.643,2.955,1.242,0.0,0.93,0.411,0.0,0.461,0.79,0.0,0.904,1.334,1.031,0.364,0.0,0.0,0.53,0.0,0.0,0.0,0.0,0.0,0.0,0.0,0.815,0.0,0.0,0.62,1.515,0.421,0.0,0.0,0.0,0.0,0.0,0.0,0.0,0.0,0.0,0.65,0.0,0.0,0.0,0.0,0.134,0.085,0.0,0.0,0.0,0.0,0.0,0.0,0.0,0.0,0.0,0.341,0.0,0.0,0.465,0.528,0.0,0.0,0.0,0.0
1.938,1.306,2.395,3.415,1.966,2.904,3.465,0.0,0.0,0.0,0.0,0.0,0.0,0.874,0.0,0.0,0.664,0.006,0.0,0.794,0.0,0.955,1.107,0.0,0.0,0.0,0.984,0.505,0.73,0.144,0.0,0.0,0.0,0.0,0.448,0.29,0.0,0.0,0.892,0.0,1.201,1.928,0.095,2.137,0.0,1.668,1.257,1.037,1.617,2.631,0.282,2.179,0.175,1.891,0.0,1.791,0.056,0.0,0.0,0.0,0.885,0.0,0.897,0.121,0.0,0.0,0.0,0.0,0.0,0.065,1.951,0.0,1.761,0.0,0.0,0.389,0.386,0.495,0.0,0.0,0.0,0.0,0.0,0.0,0.0,0.575,0.0,0.394,0.0,0.826,0.0,0.0,0.178,0.0,0.0,0.0,0.256,0.0,0.0,0.0,0.0
0.0,0.712,0.632,0.711,0.469,0.955,0.177,0.665,0.786,1.028,0.48,0.0,0.0,0.0,0.0,0.0,0.0,0.0,0.0,0.0,1.638,0.442,0.06,1.661,0.482,0.0,0.935,1.563,1.014,0.081,1.15,0.069,0.0,1.92,0.295,1.828,2.059,0.0,1.537,0.79,0.754,0.0,2.713,1.266,2.693,1.195,0.021,0.0,0.993,0.061,0.0,0.989,0.133,0.0,0.0,0.0,0.0,0.815,0.166,0.0,1.474,1.682,0.411,0.0,0.921,0.0,0.0,0.0,0.0,0.0,1.405,1.795,0.262,0.062,0.0,0.691,1.94,0.537,0.0,0.0,0.0,0.976,0.521,0.0,0.0,0.699,0.176,2.131,0.376,0.456,0.0,0.429,0.0,0.0,0.646,0.0,0.0,2.613,1.0,3.455,0.0
0.0,0.0,0.0,0.0,0.994,1.547,0.214,0.0,0.0,0.0,0.627,0.0,0.0,0.0,0.675,0.0,0.0,0.0,0.0,0.268,0.56,1.575,0.053,0.0,0.864,0.0,0.0,0.0,0.0,0.0,0.0,0.0,0.0,0.583,0.0,0.93,0.237,0.0,1.644,1.717,0.03,0.0,0.0,0.0,0.838,0.0,2.787,0.103,1.794,1.996,0.0,4.358,0.0,1.613,0.0,0.0,0.0,0.0,1.746,1.798,1.0,0.844,3.436,0.46,0.641,1.443,0.161,0.0,0.0,0.0,0.982,0.552,0.0,0.12,0.602,0.0,0.0,0.0,0.0,0.0,0.0,0.0,0.0,0.0,1.534,1.321,2.04,2.821,0.0,2.122,0.0,0.0,0.0,0.0,0.0,0.0,0.0,0.491,0.292,1.52,0.437
0.136,0.0,0.0,0.0,0.764,0.337,0.0,0.994,0.0,0.38,0.0,0.0,0.0,0.0,1.956,1.0,0.0,2.547,0.0,0.594,0.369,0.284,0.427,0.0,0.0,0.349,0.0,0.0,0.0,0.0,0.94,1.671,0.186,0.733,0.467,0.607,0.0,0.0,0.295,0.0,0.0,0.0,0.0,0.0,0.0,0.835,0.868,0.688,0.0,0.0,0.0,0.838,0.313,0.0,0.0,0.762,0.098,0.851,0.851,0.467,0.0,0.592,0.971,0.416,0.0,0.0,0.0,0.0,0.0,0.0,0.0,0.346,0.0,0.633,0.202,0.864,1.233,0.0,0.0,0.0,0.307,0.0,0.0,0.0,0.967,0.19,1.953,1.091,0.743,0.0,0.0,0.627,0.336,0.0,0.0,0.0,1.523,1.379,1.031,0.0,0.0
0.0,0.978,1.098,0.0,0.0,0.0,0.0,0.0,0.0,0.357,0.0,0.0,0.0,0.48,0.997,0.012,0.0,0.837,0.12,1.991,0.0,3.572,0.0,2.251,0.0,0.0,0.0,1.92,2.09,0.0,2.449,0.4,0.0,0.0,0.0,0.733,0.0,0.0,0.0,0.0,0.801,0.0,1.597,0.478,0.0,1.93,0.318,3.503,2.441,0.0,2.002,0.607,0.0,0.0,0.0,0.197,0.0,0.0,0.0,0.0,0.776,0.0,0.0,0.51,0.983,0.14,0.0,0.0,0.0,0.0,0.0,0.234,0.538,1.825,0.639,2.376,1.469,0.439,1.469,0.461,0.0,0.573,0.0,0.0,0.725,0.242,0.491,0.0,0.962,0.239,0.0,0.0,0.787,0.414,0.802,0.724,0.538,0.949,0.159,0.928,0.423
0.0,0.0,1.213,0.015,0.799,0.676,0.0,0.0,0.522,0.8,0.505,0.0,0.0,0.888,0.265,0.0,0.0,0.414,0.0,0.0,0.0,0.864,0.561,0.793,0.0,0.0,0.253,0.0,0.0,0.13,0.0,0.0,0.0,0.0,0.0,0.0,1.023,0.267,0.0,0.0,0.0,0.983,1.582,0.993,0.023,0.0,0.0,0.0,0.0,0.0,0.0,0.825,0.0,0.981,0.447,1.91,0.922,0.423,0.0,1.964,1.579,2.353,0.0,0.0,0.0,0.0,0.0,0.0,0.0,0.0,0.0,0.865,0.014,0.0,0.13,0.0,0.293,0.0,0.959,0.639,0.0,0.0,0.0,0.801,0.0,0.0,0.0,0.951,0.0,0.0,0.605,0.771,0.724,0.0,0.272,0.296,0.279,0.0,0.0,0.0,0.0
